date,min,max,pm25,q1,q3,stdev,count
2022-02-13T00:00:00.000Z,1,3.3,1.7,1.3,2.2,0.56,80
2022-02-14T00:00:00.000Z,0.5,2.9,0.9,0.73,1.3,0.434,570
2022-02-15T00:00:00.000Z,0.5,17.85,0.9,0.73,2,1.826,579
2022-02-16T00:00:00.000Z,0.3,6.63,0.7,0.6,1.1,0.635,581
2022-02-17T00:00:00.000Z,0.3,13.17,0.7,0.5,0.94,1.425,577
2022-02-18T00:00:00.000Z,0.5,105.7,1.4,0.9,2.73,7.169,569
2022-02-19T00:00:00.000Z,0.3,43.38,1.4,0.5,2.17,3.105,582
2022-02-20T00:00:00.000Z,0.5,8.1,0.9,0.77,1.89,1.563,581
2022-02-21T00:00:00.000Z,0.3,2.2,0.9,0.7,1.12,0.344,578
2022-02-22T00:00:00.000Z,0.2,15.98,0.5,0.4,3.19,3.063,585
2022-02-23T00:00:00.000Z,0.3,3.65,0.8,0.56,1.3,0.62,582
2022-02-24T00:00:00.000Z,0.4,19.97,0.8,0.68,1.27,1.052,579
2022-02-25T00:00:00.000Z,0.3,2.6,0.7,0.5,0.98,0.37,575
2022-02-26T00:00:00.000Z,0.4,3.7,1.2,0.6,1.79,0.681,573
2022-02-27T00:00:00.000Z,1,17.27,2.1,1.4,3.63,1.979,578
2022-02-28T00:00:00.000Z,1.2,6.05,2.9,2.5,3.47,0.833,576
2022-03-01T00:00:00.000Z,0.6,69.23,2,1.3,6.57,10.58,588
2022-03-02T00:00:00.000Z,1.1,30.98,2.58,1.73,3.67,3.031,563
2022-03-03T00:00:00.000Z,1.07,5.43,1.8,1.5,2,0.721,572
2022-03-04T00:00:00.000Z,1.23,6.1,3.47,2.27,4.2,1.131,581
2022-03-05T00:00:00.000Z,1.7,4.7,2.42,2.15,2.9,0.576,570
2022-03-06T00:00:00.000Z,1.67,5.6,3.53,2.29,4,0.912,551
2022-03-07T00:00:00.000Z,1.1,6.27,3.58,3,4.37,1.177,452
2022-03-08T00:00:00.000Z,0.7,3.5,1.96,1.23,2.65,0.734,558
2022-03-09T00:00:00.000Z,0.4,3.45,1.1,0.8,1.3,0.45,573
2022-03-10T00:00:00.000Z,0.3,3.17,1.2,0.7,1.47,0.51,580
2022-03-11T00:00:00.000Z,0.9,3.8,1.67,1.4,1.9,0.505,577
2022-03-12T00:00:00.000Z,1.2,5.3,2.78,1.92,3.37,0.859,571
2022-03-13T00:00:00.000Z,1.4,5.03,2.8,2.25,3.6,0.765,559
2022-03-14T00:00:00.000Z,0.7,8.5,2.93,2.29,3.44,0.919,576
2022-03-15T00:00:00.000Z,0.8,53.4,2.2,1.87,2.9,6.456,580
2022-03-16T00:00:00.000Z,1.1,121.53,1.9,1.63,2.5,13.617,566
2022-03-17T00:00:00.000Z,1,334.8,4.18,2.87,16.6,58.295,574
2022-03-18T00:00:00.000Z,2.6,5.09,3.63,3.38,3.93,0.419,557
2022-03-19T00:00:00.000Z,3.15,5.6,4.2,3.97,4.45,0.365,577
2022-03-20T00:00:00.000Z,2,5.22,3,2.62,3.7,0.787,572
2022-03-21T00:00:00.000Z,1.67,3.6,2.63,2.29,3,0.446,550
2022-03-22T00:00:00.000Z,1,4.57,2,1.57,2.4,0.481,580
2022-03-28T00:00:00.000Z,1.3,84.5,2.4,1.9,4.67,7.454,229
2022-03-29T00:00:00.000Z,1.2,4.4,2.63,1.7,3.17,0.779,577
2022-03-30T00:00:00.000Z,0.9,26.87,2.7,1.6,3.67,2.275,559
2022-03-31T00:00:00.000Z,0.5,5.35,1.93,1.53,2.2,0.676,588
2022-04-01T00:00:00.000Z,0.4,3.4,0.7,0.6,0.9,0.342,572
2022-04-02T00:00:00.000Z,0.4,4.68,2.2,1.89,2.72,0.838,524
2022-04-03T00:00:00.000Z,1.1,2.67,1.83,1.67,2,0.245,572
2022-04-04T00:00:00.000Z,0.93,3,1.55,1.35,1.8,0.339,583
2022-04-05T00:00:00.000Z,0.5,2.9,1.5,1.3,1.7,0.382,578
2022-04-06T00:00:00.000Z,0.2,24.03,0.6,0.47,0.7,1.827,577
2022-04-07T00:00:00.000Z,0.3,2.22,0.7,0.5,0.83,0.259,577
2022-04-08T00:00:00.000Z,0.2,2.23,0.6,0.4,0.83,0.356,579
2022-04-09T00:00:00.000Z,0.2,11.13,0.7,0.47,1,1.026,563
2022-04-10T00:00:00.000Z,0.5,12.2,0.9,0.77,1.12,0.583,576
2022-04-11T00:00:00.000Z,0.5,1.57,0.9,0.8,1.09,0.187,581
2022-04-12T00:00:00.000Z,0.5,2.4,1.1,0.9,1.5,0.406,585
2022-04-13T00:00:00.000Z,0.8,5.2,1.6,1.3,1.8,0.49,575
2022-04-14T00:00:00.000Z,0.97,2.73,1.9,1.5,2.1,0.377,578
2022-04-15T00:00:00.000Z,1.55,167.87,3,2.65,5.19,9.775,588
2022-04-16T00:00:00.000Z,0.88,6.03,1.55,1.3,1.8,0.374,586
2022-04-17T00:00:00.000Z,0.9,2.43,1.6,1.4,1.75,0.276,575
2022-04-18T00:00:00.000Z,0.6,91.3,1.3,0.9,1.7,4.035,573
2022-04-19T00:00:00.000Z,0.4,1.4,0.8,0.7,0.9,0.147,577
2022-04-20T00:00:00.000Z,0.5,1.1,0.8,0.7,0.9,0.1,569
2022-04-21T00:00:00.000Z,0.6,19.13,1.4,0.9,2.1,3.002,579
2022-04-22T00:00:00.000Z,1,3.83,2.24,1.57,2.67,0.651,578
2022-04-23T00:00:00.000Z,1.2,4.5,2.29,1.9,3,0.653,569
2022-04-24T00:00:00.000Z,0.5,3.78,2.4,1.5,3.06,0.925,577
2022-04-25T00:00:00.000Z,0.3,3.03,1.2,0.6,1.5,0.588,551
2022-04-26T00:00:00.000Z,0.3,2.1,0.9,0.6,1.1,0.357,560
2022-04-27T00:00:00.000Z,0.3,27.53,1.3,0.5,1.7,1.683,570
2022-04-28T00:00:00.000Z,1.1,10.4,1.77,1.5,2.02,0.681,569
2022-04-29T00:00:00.000Z,1.3,103.72,1.92,1.7,2.76,14.538,576
2022-04-30T00:00:00.000Z,0.73,3.7,1.7,1.4,2.33,0.61,584
2022-05-01T00:00:00.000Z,0.4,14.7,0.82,0.7,1.49,2.278,500
2022-05-02T00:00:00.000Z,0.3,3.37,1.7,0.5,2.2,0.895,478
2022-05-03T00:00:00.000Z,1.5,3.23,2.1,1.91,2.29,0.28,541
2022-05-04T00:00:00.000Z,0.7,53.1,1.95,1.4,2.6,4.435,584
2022-05-05T00:00:00.000Z,0.56,37.17,2.2,1,4.05,5.468,569
2022-05-06T00:00:00.000Z,1.12,52.15,2.04,1.8,2.57,3.107,572
2022-05-07T00:00:00.000Z,0.52,4.3,1.2,0.9,2.5,0.938,567
2022-05-08T00:00:00.000Z,1.7,4.37,2.5,2.27,2.73,0.388,525
2022-05-09T00:00:00.000Z,1.2,5,2.29,1.87,2.97,0.702,539
2022-05-10T00:00:00.000Z,0.8,2.1,1.2,1.1,1.38,0.223,526
2022-05-11T00:00:00.000Z,0.6,1.75,1.05,0.9,1.2,0.181,526
2022-05-12T00:00:00.000Z,0.9,2.27,1.45,1.17,1.65,0.277,531
2022-05-13T00:00:00.000Z,0.9,2.57,1.4,1.23,1.67,0.284,537
2022-05-14T00:00:00.000Z,0.9,2.1,1.3,1.2,1.45,0.206,558
2022-05-15T00:00:00.000Z,0.9,4.53,1.51,1.23,1.8,0.337,520
2022-05-16T00:00:00.000Z,0.6,3.43,1,0.82,1.4,0.618,536
2022-05-17T00:00:00.000Z,0.3,0.88,0.45,0.4,0.5,0.108,539
2022-05-18T00:00:00.000Z,0.3,0.7,0.5,0.4,0.5,0.071,531
2022-05-19T00:00:00.000Z,0.38,4.97,0.7,0.5,2.93,1.289,421
2022-05-20T00:00:00.000Z,0.9,20.7,1.8,1.55,2,1.662,456
2022-05-21T00:00:00.000Z,0.8,4.8,1.2,1.1,1.4,0.567,538
2022-05-22T00:00:00.000Z,0.9,3.6,1.47,1.3,1.67,0.284,523
2022-05-23T00:00:00.000Z,0.83,3.3,1.92,1.7,2.2,0.386,441
2022-05-24T00:00:00.000Z,0.38,25.1,0.8,0.6,1,1.305,407
2022-05-25T00:00:00.000Z,0.4,2.6,0.8,0.7,1.2,0.382,514
2022-05-26T00:00:00.000Z,0.5,4.47,1.12,0.9,1.42,0.503,511
2022-05-27T00:00:00.000Z,0.4,2.7,1.4,1.2,1.6,0.356,496
2022-05-28T00:00:00.000Z,0.6,2.29,1.1,0.9,1.4,0.367,543
2022-05-29T00:00:00.000Z,0.5,2,0.9,0.8,1,0.187,473
2022-05-30T00:00:00.000Z,0.5,2.88,1.1,0.95,1.3,0.384,467
2022-05-31T00:00:00.000Z,0.7,2.8,1.2,1,1.6,0.438,497
2022-06-01T00:00:00.000Z,0.6,4.03,1.4,0.9,2.2,0.73,504
2022-06-02T00:00:00.000Z,1.33,3.58,1.95,1.79,2.22,0.406,176
2022-06-03T00:00:00.000Z,1.38,24.5,1.95,1.7,3.9,2.742,310
2022-06-04T00:00:00.000Z,0.65,4.95,1.9,1.6,2.91,0.914,437
2022-06-05T00:00:00.000Z,0.6,52.2,3.07,2.73,3.4,6.181,462
2022-06-06T00:00:00.000Z,0.6,3.3,1.7,1.05,2.1,0.632,359
2022-06-07T00:00:00.000Z,0.5,3.25,1.5,1.1,2.5,0.757,543
2022-06-08T00:00:00.000Z,0.4,14.07,1,0.85,1.1,0.638,513
2022-06-09T00:00:00.000Z,0.2,10.15,0.7,0.4,0.8,0.743,508
2022-06-10T00:00:00.000Z,0.8,2.6,1.7,1.13,1.9,0.445,180
2022-06-15T00:00:00.000Z,1.4,4,2.63,2.1,3.3,0.677,141
2022-06-16T00:00:00.000Z,1.77,4.38,2.7,2.4,3.4,0.57,520
2022-06-17T00:00:00.000Z,1.9,3.8,2.8,2.5,3.05,0.355,439
2022-06-18T00:00:00.000Z,1.2,3.28,2,1.67,2.67,0.543,514
2022-06-19T00:00:00.000Z,1.25,2.63,1.83,1.6,2.04,0.28,466
2022-06-20T00:00:00.000Z,2.3,5.78,3.45,3.1,3.94,0.66,393
2022-06-21T00:00:00.000Z,0.9,5.18,3,2,3.4,1.014,363
2022-06-22T00:00:00.000Z,1.6,4.57,2.38,2.1,2.73,0.475,358
2022-06-23T00:00:00.000Z,0.8,2.8,1.5,1.3,1.7,0.29,318
2022-06-24T00:00:00.000Z,0.5,2.33,1,0.9,1.2,0.328,568
2022-06-25T00:00:00.000Z,0.3,1.1,0.5,0.5,0.6,0.154,579
2022-06-26T00:00:00.000Z,0.7,1.83,1.1,1,1.2,0.188,584
2022-06-27T00:00:00.000Z,1.52,465.77,3.2,2.1,3.88,24.976,563
2022-06-28T00:00:00.000Z,1.07,23.27,3.05,1.83,3.5,1.874,551
2022-06-29T00:00:00.000Z,1.12,181.87,3.29,1.9,4.17,11.821,554
2022-06-30T00:00:00.000Z,0.9,362.73,2.6,2.29,4.9,30.4,563
2022-07-01T00:00:00.000Z,0.28,459.83,1.33,0.7,1.9,28.189,570
2022-07-02T00:00:00.000Z,0.38,2.1,1,0.8,1.12,0.335,552
2022-07-03T00:00:00.000Z,1.3,2.9,1.8,1.63,2,0.271,550
2022-07-04T00:00:00.000Z,0.95,5.07,1.9,1.7,2.13,0.339,566
2022-07-05T00:00:00.000Z,0.5,2.37,1.1,0.8,1.75,0.494,541
2022-07-06T00:00:00.000Z,1.4,3.2,2.08,1.9,2.29,0.313,553
2022-07-07T00:00:00.000Z,1.87,3.87,2.5,2.29,2.83,0.347,377
2022-07-08T00:00:00.000Z,0.93,2.17,1.45,1.3,1.6,0.207,542
2022-07-09T00:00:00.000Z,0.87,2.04,1.3,1.14,1.4,0.186,542
2022-07-10T00:00:00.000Z,0.6,8.97,1.27,1,1.62,1.064,556
2022-07-11T00:00:00.000Z,0.5,1.23,0.8,0.7,0.9,0.132,554
2022-07-12T00:00:00.000Z,0.63,10.43,1.1,0.9,1.4,0.998,571
2022-07-13T00:00:00.000Z,0.83,16.07,1.4,1.27,1.53,1.579,517
2022-07-14T00:00:00.000Z,1.12,20.27,1.65,1.5,2,2.183,547
2022-07-15T00:00:00.000Z,2.7,111.33,4.2,3.9,4.95,8.783,503
2022-07-16T00:00:00.000Z,1.9,5.88,3.5,2.89,4,0.68,548
2022-07-17T00:00:00.000Z,1.7,4.82,2.29,2.13,2.5,0.425,587
2022-07-18T00:00:00.000Z,1.5,3.38,2.29,1.97,2.6,0.383,579
2022-07-19T00:00:00.000Z,1.3,3.5,2.29,2,2.5,0.362,579
2022-07-20T00:00:00.000Z,1.67,7.8,3.5,2.22,4.79,1.612,584
2022-07-21T00:00:00.000Z,3.1,13.35,6.3,4.44,7.6,1.774,577
2022-07-22T00:00:00.000Z,2.4,9.32,4.9,4.53,5.67,1.264,584
2022-07-23T00:00:00.000Z,1.92,4.97,2.73,2.52,3.03,0.612,575
2022-07-24T00:00:00.000Z,3.45,6.9,4.22,4,4.5,0.72,577
2022-07-25T00:00:00.000Z,1.9,7.47,4.09,2.79,6.33,1.723,592
2022-07-26T00:00:00.000Z,1.1,9.6,1.93,1.73,2.22,0.742,586
2022-07-27T00:00:00.000Z,1.4,5.13,2.29,2,2.71,0.55,585
2022-07-28T00:00:00.000Z,1.4,14.65,3.2,2.92,3.9,1.089,572
2022-07-29T00:00:00.000Z,0.7,2.4,1.7,1.42,1.85,0.35,561
2022-07-30T00:00:00.000Z,0.5,3.37,1.1,0.8,2.2,0.758,567
2022-07-31T00:00:00.000Z,1.3,5.78,2.57,2.33,3,0.558,565
2022-08-01T00:00:00.000Z,1.27,136.82,2.35,2.1,3.37,8.998,487
2022-08-02T00:00:00.000Z,0.9,13.17,1.3,1.2,1.6,1.256,474
2022-08-03T00:00:00.000Z,1,2.65,1.4,1.23,1.6,0.296,502
2022-08-04T00:00:00.000Z,1.38,2.9,1.9,1.7,2.33,0.358,468
2022-08-05T00:00:00.000Z,1.6,4.4,2.97,2.63,3.3,0.546,518
2022-08-06T00:00:00.000Z,1.4,3.5,2.13,1.8,2.6,0.475,561
2022-08-07T00:00:00.000Z,1.95,4.2,2.47,2.29,2.6,0.252,390
2022-08-08T00:00:00.000Z,1.8,15.23,2.9,2.47,4.2,1.951,489
2022-08-09T00:00:00.000Z,1.8,3.7,2.7,2.4,2.9,0.349,563
2022-08-10T00:00:00.000Z,1.4,15.43,2.5,2.17,2.83,1.759,478
2022-08-11T00:00:00.000Z,1.6,52.77,2.5,2.1,4.8,4.419,465
2022-08-12T00:00:00.000Z,1,2.9,1.8,1.57,2.29,0.445,574
2022-08-13T00:00:00.000Z,1.3,5.7,1.92,1.7,3.3,1.018,590
2022-08-14T00:00:00.000Z,2.4,5.5,3.43,3.03,3.9,0.618,560
2022-08-15T00:00:00.000Z,1.57,5.77,2.92,2.13,4.72,1.285,478
2022-08-16T00:00:00.000Z,1.3,3,1.8,1.6,2,0.308,587
2022-08-17T00:00:00.000Z,1.88,5.05,2.6,2.33,2.9,0.558,449
2022-08-18T00:00:00.000Z,3,5.65,3.9,3.65,4.25,0.48,487
2022-08-19T00:00:00.000Z,0.6,4.55,2.2,1.5,3.63,1.137,580
2022-08-20T00:00:00.000Z,0.5,3.7,1.7,1.2,2.25,0.702,539
2022-08-21T00:00:00.000Z,0.6,113.68,1.3,1.1,3.2,16.624,527
2022-08-22T00:00:00.000Z,2,4.09,2.9,2.6,3.2,0.392,355
2022-08-23T00:00:00.000Z,1.5,3.33,2.4,2.13,2.6,0.347,519
2022-08-24T00:00:00.000Z,1.9,81.65,3,2.63,3.63,6.606,463
2022-08-25T00:00:00.000Z,2.75,91.75,5.53,3.4,6.38,8.047,514
2022-08-26T00:00:00.000Z,1.7,6.9,4.28,3.42,5.32,1.252,554
2022-08-27T00:00:00.000Z,1.77,3.7,2.5,2.29,2.85,0.387,519
2022-08-28T00:00:00.000Z,1.2,3.4,2.17,1.85,2.57,0.475,549
2022-08-29T00:00:00.000Z,1.53,4.93,3.2,2,3.8,0.943,547
2022-08-30T00:00:00.000Z,2.77,5.88,3.72,3.4,4.17,0.664,551
2022-08-31T00:00:00.000Z,2.7,6.1,4.19,3.28,4.97,0.917,538
2022-09-01T00:00:00.000Z,1.5,5.45,2.88,2.1,3.6,0.975,499
2022-09-02T00:00:00.000Z,1.3,3.67,2,1.7,2.2,0.427,489
2022-09-03T00:00:00.000Z,0.4,3.4,2.29,1.8,2.77,0.824,402
2022-09-04T00:00:00.000Z,0.4,1.77,0.9,0.7,1.1,0.311,253
2022-09-05T00:00:00.000Z,0.9,2.8,1.58,1.4,2.08,0.435,363
2022-09-06T00:00:00.000Z,1.3,2.9,2.29,2,2.47,0.356,546
2022-09-07T00:00:00.000Z,0.8,2.78,1.73,1.3,2.06,0.469,517
2022-09-08T00:00:00.000Z,0.4,2.6,1.57,0.67,1.97,0.665,355
2022-09-09T00:00:00.000Z,0.5,1.85,0.8,0.7,0.97,0.231,526
2022-09-10T00:00:00.000Z,0.2,42.43,0.65,0.5,0.8,2.823,529
2022-09-11T00:00:00.000Z,0.4,1.75,0.9,0.68,1.1,0.248,535
2022-09-12T00:00:00.000Z,0.83,9.63,1.27,1.12,1.8,0.845,481
2022-09-13T00:00:00.000Z,1,8.48,1.5,1.33,1.75,0.819,494
2022-09-14T00:00:00.000Z,0.8,41.9,1.6,1.35,2.2,5.119,480
2022-09-15T00:00:00.000Z,0.4,10.57,1.1,0.98,1.33,0.777,530
2022-09-16T00:00:00.000Z,1.1,4.2,2,1.57,2.47,0.648,514
2022-09-17T00:00:00.000Z,0.32,2.29,0.86,0.67,1.1,0.317,498
2022-09-18T00:00:00.000Z,0.23,7.78,0.67,0.5,0.93,0.488,518
2022-09-19T00:00:00.000Z,0.3,1.3,0.6,0.5,0.76,0.205,512
2022-09-20T00:00:00.000Z,0.3,31.63,0.9,0.6,1.2,2.442,444
2022-09-21T00:00:00.000Z,0.3,1.1,0.6,0.5,0.7,0.13,476
2022-09-22T00:00:00.000Z,0.2,0.77,0.4,0.4,0.5,0.087,521
2022-09-23T00:00:00.000Z,0.2,0.8,0.45,0.4,0.5,0.097,522
2022-09-24T00:00:00.000Z,0.3,0.9,0.5,0.5,0.6,0.083,531
2022-09-25T00:00:00.000Z,0.3,1.23,0.6,0.5,0.6,0.1,511
2022-09-26T00:00:00.000Z,0.2,1.03,0.5,0.4,0.7,0.194,484
2022-09-27T00:00:00.000Z,0.4,95.47,1.4,0.68,5.74,10.173,512
2022-09-28T00:00:00.000Z,0.35,51.5,0.7,0.6,0.9,3.535,512
2022-09-29T00:00:00.000Z,0.3,1.2,0.6,0.47,0.63,0.135,498
2022-09-30T00:00:00.000Z,0.32,34.75,1,0.6,4.45,3.955,497
2022-10-01T00:00:00.000Z,0.4,3.67,1.2,0.8,1.7,0.653,454
2022-10-02T00:00:00.000Z,0.2,0.6,0.4,0.32,0.4,0.072,278
2022-10-03T00:00:00.000Z,0.2,53.17,1.63,0.71,9.19,8.359,269
2022-10-04T00:00:00.000Z,0.9,3.67,1.8,1.4,2.08,0.561,329
2022-10-05T00:00:00.000Z,0.3,1.73,0.56,0.5,0.9,0.322,329
2022-10-06T00:00:00.000Z,0.3,2.6,0.7,0.5,1.3,0.631,541
2022-10-07T00:00:00.000Z,1.6,6.5,3.55,3.09,4,0.956,521
2022-10-08T00:00:00.000Z,1.47,4.09,2.4,2.04,2.87,0.529,535
2022-10-09T00:00:00.000Z,1.23,2.73,1.7,1.6,1.92,0.297,549
2022-10-10T00:00:00.000Z,0.8,105.68,1.7,1.4,2,10.31,536
2022-10-11T00:00:00.000Z,0.6,88.03,1.33,0.93,2.83,8.348,527
2022-10-12T00:00:00.000Z,0.7,42.5,1.1,1,6.18,5.878,533
2022-10-13T00:00:00.000Z,0.9,42.2,2,1.33,3.53,6.764,551
2022-10-14T00:00:00.000Z,0.56,3,1.7,1.2,2.17,0.611,477
2022-10-15T00:00:00.000Z,0.4,2.06,1,0.8,1.2,0.301,531
2022-10-16T00:00:00.000Z,0.3,0.85,0.5,0.47,0.6,0.113,407
2022-10-17T00:00:00.000Z,0.2,1.38,0.68,0.4,0.82,0.249,532
2022-10-18T00:00:00.000Z,0.4,0.97,0.6,0.6,0.7,0.096,367
2022-10-21T00:00:00.000Z,0.9,1.97,1.3,1.17,1.5,0.219,518
2022-10-22T00:00:00.000Z,0.5,1.83,0.8,0.7,0.98,0.247,547
2022-10-23T00:00:00.000Z,0.3,1.23,0.6,0.5,0.8,0.202,531
2022-10-24T00:00:00.000Z,0.3,2.5,0.9,0.7,1.2,0.427,517
2022-10-25T00:00:00.000Z,0.2,0.8,0.5,0.4,0.5,0.097,527
2022-10-26T00:00:00.000Z,0.2,13.33,0.5,0.4,1.4,0.972,538
2022-10-27T00:00:00.000Z,0.4,1.83,1.1,0.8,1.3,0.304,525
2022-10-28T00:00:00.000Z,0.3,45.1,0.68,0.46,3.54,5.503,505
2022-10-29T00:00:00.000Z,0.5,2.29,0.88,0.7,1.1,0.352,523
2022-10-30T00:00:00.000Z,0.47,2.73,0.9,0.7,1.74,0.624,521
2022-10-31T00:00:00.000Z,0.8,2.54,1.4,1.2,1.7,0.328,527
2022-11-01T00:00:00.000Z,0.35,1.9,1,0.6,1.12,0.298,524
2022-11-02T00:00:00.000Z,0.2,0.6,0.4,0.35,0.5,0.084,510
2022-11-03T00:00:00.000Z,0.2,0.8,0.4,0.4,0.5,0.076,549
2022-11-04T00:00:00.000Z,0.2,1,0.4,0.37,0.53,0.14,516
2022-11-05T00:00:00.000Z,0.3,3.63,1.05,0.5,1.58,0.652,511
2022-11-06T00:00:00.000Z,0.5,4.67,1.1,0.87,2.54,1.031,519
2022-11-07T00:00:00.000Z,0.4,2.1,0.9,0.7,1.1,0.284,541
2022-11-08T00:00:00.000Z,0.4,2.29,0.8,0.6,1.4,0.523,536
2022-11-09T00:00:00.000Z,0.7,3.08,1.2,1,1.4,0.25,535
2022-11-10T00:00:00.000Z,0.5,1.6,0.9,0.8,1,0.194,527
2022-11-11T00:00:00.000Z,0.2,1.43,0.56,0.47,0.8,0.226,510
2022-11-12T00:00:00.000Z,0.6,4.37,1.62,0.93,2.63,0.937,532
2022-11-13T00:00:00.000Z,1.37,4.3,2.2,1.83,2.63,0.638,546
2022-11-14T00:00:00.000Z,0.32,1.9,0.9,0.6,1.4,0.405,529
2022-11-15T00:00:00.000Z,0.2,5.03,0.6,0.47,2.67,1.333,535
2022-11-16T00:00:00.000Z,1.95,299.3,3,2.7,5.45,19.565,528
2022-11-17T00:00:00.000Z,0.7,3.27,1.6,1,2.1,0.688,539
2022-11-18T00:00:00.000Z,0.3,1.7,0.6,0.5,0.9,0.284,535
2022-11-19T00:00:00.000Z,0.2,1.7,0.52,0.4,0.77,0.334,512
2022-11-20T00:00:00.000Z,0.4,1.9,0.9,0.7,1.1,0.27,541
2022-11-21T00:00:00.000Z,0.5,2.73,0.9,0.7,1.5,0.542,531
2022-11-22T00:00:00.000Z,0.5,2.2,1.2,0.82,1.48,0.406,530
2022-11-23T00:00:00.000Z,0.3,2.23,0.63,0.5,0.8,0.285,532
2022-11-24T00:00:00.000Z,0.2,0.7,0.3,0.3,0.4,0.073,536
2022-11-25T00:00:00.000Z,0.2,1,0.4,0.3,0.6,0.193,527
2022-11-26T00:00:00.000Z,0.3,1.4,0.8,0.63,1,0.243,532
2022-11-27T00:00:00.000Z,0.6,1.98,0.93,0.8,1.1,0.196,543
2022-11-28T00:00:00.000Z,0.7,2.45,1.3,1.1,1.6,0.328,505
2022-11-29T00:00:00.000Z,1.3,6.53,2,1.8,2.92,1.647,442
2022-11-30T00:00:00.000Z,1.05,9.57,4.8,1.93,6.07,2.23,538
2022-12-01T00:00:00.000Z,0.6,9.8,2.1,1,4.8,1.88,492
2022-12-02T00:00:00.000Z,2.2,26.58,4.59,2.8,5.47,2.487,574
2022-12-03T00:00:00.000Z,1.47,3.55,2.2,1.9,2.67,0.474,569
2022-12-04T00:00:00.000Z,1.2,3.03,1.87,1.7,2.1,0.291,543
2022-12-05T00:00:00.000Z,0.7,2.1,1.3,1.14,1.5,0.244,508
2022-12-06T00:00:00.000Z,0.4,2.27,0.8,0.6,1.58,0.5,533
2022-12-07T00:00:00.000Z,0.7,2.2,1.27,1.1,1.4,0.258,527
2022-12-08T00:00:00.000Z,0.6,1.5,1,0.9,1.1,0.154,540
2022-12-09T00:00:00.000Z,0.63,3.05,1.41,1,1.93,0.501,526
2022-12-10T00:00:00.000Z,1.12,2.45,1.8,1.67,1.92,0.222,537
2022-12-11T00:00:00.000Z,0.7,2.2,1.2,1.1,1.35,0.195,547
2022-12-12T00:00:00.000Z,0.56,3.1,1.2,0.93,1.45,0.297,516
2022-12-13T00:00:00.000Z,1,3.17,1.8,1.4,2.17,0.546,531
2022-12-14T00:00:00.000Z,1.5,3.17,2.25,2,2.47,0.322,518
2022-12-15T00:00:00.000Z,1.1,3.9,2,1.48,3.03,0.826,513
2022-12-16T00:00:00.000Z,1.8,3.78,2.52,2.25,2.73,0.334,480
2022-12-17T00:00:00.000Z,1.17,5.4,2.29,1.77,3.2,0.751,523
2022-12-18T00:00:00.000Z,1.93,5.7,2.67,2.4,3.42,0.977,519
2022-12-19T00:00:00.000Z,1.93,8.8,3.45,2.8,5.46,1.645,525
2022-12-20T00:00:00.000Z,2.97,6.8,4.13,3.74,4.72,0.761,529
2022-12-21T00:00:00.000Z,0.5,4.8,2.8,0.9,3.5,1.297,488
2022-12-22T00:00:00.000Z,0.3,6.67,0.7,0.5,1.6,0.918,519
2022-12-23T00:00:00.000Z,0.28,1.57,0.6,0.5,0.95,0.281,378
2022-12-24T00:00:00.000Z,0.3,7.22,0.67,0.5,1.23,1.396,352
2022-12-25T00:00:00.000Z,1.1,6.3,2.1,1.5,4.45,1.577,446
2022-12-26T00:00:00.000Z,0.5,2.13,0.99,0.8,1.17,0.318,250
2022-12-27T00:00:00.000Z,0.2,9.27,1.1,0.4,4.05,2.374,463
2022-12-28T00:00:00.000Z,0.5,32.5,1.3,0.9,1.63,2.322,473
2022-12-29T00:00:00.000Z,0.4,1.58,0.8,0.63,1,0.238,531
2022-12-30T00:00:00.000Z,0.5,1.3,0.9,0.8,1,0.122,431
2022-12-31T00:00:00.000Z,0.4,4.38,0.7,0.6,0.82,1.05,379
2023-01-01T00:00:00.000Z,0.85,5.7,1.3,1.1,2.7,1.398,398
2023-01-02T00:00:00.000Z,0.3,1.27,0.6,0.5,0.7,0.181,423
2023-01-03T00:00:00.000Z,0.3,1.05,0.63,0.55,0.7,0.136,319
2023-01-04T00:00:00.000Z,0.3,1.02,0.62,0.56,0.73,0.128,264
2023-01-05T00:00:00.000Z,0.3,9.27,0.7,0.6,0.8,0.669,490
2023-01-06T00:00:00.000Z,0.2,0.6,0.4,0.3,0.4,0.075,507
2023-01-07T00:00:00.000Z,0.23,6.7,0.6,0.4,1,0.448,516
2023-01-08T00:00:00.000Z,0.5,1.6,0.9,0.8,1.1,0.227,555
2023-01-09T00:00:00.000Z,0.4,1.37,0.87,0.7,1,0.193,516
2023-01-10T00:00:00.000Z,0.2,0.88,0.4,0.3,0.6,0.148,533
2023-01-11T00:00:00.000Z,0.3,0.9,0.5,0.4,0.6,0.131,481
2023-01-12T00:00:00.000Z,0.25,0.7,0.5,0.4,0.5,0.08,533
2023-01-13T00:00:00.000Z,0.2,0.5,0.3,0.3,0.4,0.061,465
2023-01-14T00:00:00.000Z,0.1,0.5,0.3,0.2,0.3,0.058,542
2023-01-15T00:00:00.000Z,0.2,0.55,0.3,0.3,0.3,0.065,451
2023-01-16T00:00:00.000Z,0.2,1.8,0.8,0.3,1.03,0.392,474
2023-01-17T00:00:00.000Z,0.4,2.8,1,0.8,1.33,0.474,534
2023-01-18T00:00:00.000Z,0.35,2.47,0.6,0.5,0.7,0.153,437
2023-01-19T00:00:00.000Z,0.3,1.4,0.63,0.52,0.9,0.25,560
2023-01-20T00:00:00.000Z,0.5,4.84,0.98,0.8,1.44,0.494,533
2023-01-21T00:00:00.000Z,0.4,25.73,1.29,0.6,1.93,1.431,504
2023-01-22T00:00:00.000Z,0.4,5.6,0.8,0.7,1.9,1.377,559
2023-01-23T00:00:00.000Z,2,8,3.45,3.1,4.13,0.895,452
2023-01-24T00:00:00.000Z,1.2,11.8,2.17,1.67,3.35,1.305,527
2023-01-25T00:00:00.000Z,0.73,2.57,1.5,1.3,1.7,0.323,490
2023-01-26T00:00:00.000Z,0.3,2.23,1.02,0.6,1.63,0.542,542
2023-01-27T00:00:00.000Z,0.5,7,1,0.8,1.39,0.683,413
2023-01-28T00:00:00.000Z,0.37,3.4,1.02,0.54,2.02,0.791,521
2023-01-29T00:00:00.000Z,0.97,2.1,1.5,1.33,1.65,0.215,481
2023-01-30T00:00:00.000Z,0.2,1.8,0.93,0.4,1.12,0.403,492
2023-01-31T00:00:00.000Z,0.1,46.4,0.7,0.27,1.25,2.677,458
2023-02-01T00:00:00.000Z,0.2,49.53,0.6,0.4,1.7,4.273,523
2023-02-02T00:00:00.000Z,0.2,4.63,0.5,0.4,0.7,0.406,507
2023-02-03T00:00:00.000Z,0.1,4,0.3,0.3,0.6,0.601,400
2023-02-04T00:00:00.000Z,0.2,451.33,0.8,0.4,5.26,39.116,569
2023-02-05T00:00:00.000Z,0.9,4.55,1.63,1.3,2.63,0.901,235
2023-02-10T00:00:00.000Z,1.33,2,1.6,1.53,1.73,0.152,83
2023-02-11T00:00:00.000Z,0.9,4.47,1.67,1.4,2,0.523,430
2023-02-12T00:00:00.000Z,0.5,3.67,1.17,1,1.5,0.801,507
2023-02-13T00:00:00.000Z,1.45,29.77,2.8,2.42,3.2,3.323,387
2023-02-14T00:00:00.000Z,1.3,23.63,2.7,2,4.3,4.016,447
2023-02-15T00:00:00.000Z,1.73,5.75,2.7,2.47,3,0.618,389
2023-02-16T00:00:00.000Z,1.2,3.58,2.27,2,2.5,0.442,418
2023-02-17T00:00:00.000Z,0.4,2.29,1.5,0.7,1.7,0.552,394
2023-02-18T00:00:00.000Z,0.3,0.73,0.5,0.5,0.6,0.083,509
2023-02-19T00:00:00.000Z,0.3,1.6,0.6,0.5,0.7,0.188,429
2023-02-20T00:00:00.000Z,0.38,1.87,0.65,0.6,1.2,0.373,515
2023-02-21T00:00:00.000Z,0.68,2.67,1.4,1.2,1.77,0.389,504
2023-02-22T00:00:00.000Z,0.7,2.58,1.23,1.03,1.5,0.379,403
2023-02-23T00:00:00.000Z,1,109.72,2.29,1.7,4.05,9.967,385
2023-02-24T00:00:00.000Z,1,5.13,1.6,1.4,1.99,0.977,525
2023-02-25T00:00:00.000Z,0.3,10.73,1.1,0.5,3.8,2.546,434
2023-02-26T00:00:00.000Z,0.5,4.22,0.93,0.73,1.4,0.468,514
2023-02-27T00:00:00.000Z,0.7,16.3,1.14,1,1.5,1.837,509
2023-02-28T00:00:00.000Z,0.8,4.26,1.3,1,2.5,0.886,439
2023-03-01T00:00:00.000Z,2.1,6.35,2.9,2.7,3.22,0.543,541
2023-03-02T00:00:00.000Z,1.6,4.33,2.7,2.4,3.15,0.474,547
2023-03-03T00:00:00.000Z,2.67,6.43,3.82,3.39,4.55,0.747,396
2023-03-04T00:00:00.000Z,2.47,13.98,3.75,3.2,4.32,1.519,541
2023-03-05T00:00:00.000Z,1.2,5.57,2.6,1.98,3.33,0.965,554
2023-03-06T00:00:00.000Z,1.5,3.67,2.57,2.23,2.8,0.427,526
2023-03-07T00:00:00.000Z,1.3,3.57,2.4,2.17,2.75,0.449,530
2023-03-08T00:00:00.000Z,1,3.47,1.97,1.7,2.27,0.503,551
2023-03-09T00:00:00.000Z,0.4,1.93,0.97,0.7,1.1,0.321,467
2023-03-10T00:00:00.000Z,0.3,1.53,0.63,0.53,0.88,0.258,557
2023-03-11T00:00:00.000Z,0.2,1.9,0.5,0.4,0.7,0.383,539
2023-03-12T00:00:00.000Z,0.73,2.35,1.2,1.1,1.4,0.287,537
2023-03-13T00:00:00.000Z,0.4,2.45,0.77,0.6,1,0.308,548
2023-03-14T00:00:00.000Z,0.3,1,0.56,0.5,0.65,0.122,408
2023-03-15T00:00:00.000Z,0.2,1.9,0.52,0.4,0.7,0.279,561
2023-03-16T00:00:00.000Z,0.4,1.57,0.7,0.6,1,0.248,546
2023-03-17T00:00:00.000Z,0.32,2.73,0.8,0.6,1.52,0.538,546
2023-03-18T00:00:00.000Z,0.5,4.45,1.2,0.9,1.58,0.42,441
2023-03-19T00:00:00.000Z,0.7,2.57,1.4,1.1,1.73,0.443,535
2023-03-20T00:00:00.000Z,0.4,1.63,0.87,0.7,1.2,0.315,522
2023-03-21T00:00:00.000Z,0.4,1.6,0.8,0.7,0.9,0.224,541
2023-03-22T00:00:00.000Z,0.5,1.4,0.8,0.7,0.9,0.143,532
2023-03-23T00:00:00.000Z,0.5,2.43,0.9,0.77,1.6,0.482,531
2023-03-24T00:00:00.000Z,0.4,2.75,1.5,1.1,1.7,0.457,524
2023-03-25T00:00:00.000Z,0.28,6.03,0.5,0.4,0.7,0.477,520
2023-03-26T00:00:00.000Z,0.1,1.1,0.3,0.2,0.4,0.158,418
2023-03-27T00:00:00.000Z,0.1,1.4,0.3,0.13,0.54,0.29,485
2023-03-28T00:00:00.000Z,0.2,0.63,0.3,0.3,0.4,0.088,513
2023-03-29T00:00:00.000Z,0.2,0.5,0.3,0.3,0.4,0.065,444
2023-03-30T00:00:00.000Z,0.2,0.97,0.5,0.3,0.6,0.177,520
2023-03-31T00:00:00.000Z,0.5,1.1,0.77,0.7,0.8,0.089,520
2023-04-01T00:00:00.000Z,0.2,5.43,0.56,0.4,0.88,0.814,293
2023-04-02T00:00:00.000Z,0.3,4.88,0.73,0.6,1.3,0.783,454
2023-04-03T00:00:00.000Z,0.4,1.1,0.63,0.6,0.7,0.1,527
2023-04-04T00:00:00.000Z,0.4,1,0.6,0.6,0.7,0.101,579
2023-04-05T00:00:00.000Z,0.5,1.6,0.83,0.75,0.97,0.172,574
2023-04-06T00:00:00.000Z,0.45,2.29,1,0.8,1.27,0.423,587
2023-04-07T00:00:00.000Z,0.5,2.27,1.1,0.8,1.49,0.39,568
2023-04-08T00:00:00.000Z,0.6,12.48,1.38,0.93,2.24,1.308,585
2023-04-09T00:00:00.000Z,0.9,22.77,3.54,1.73,5.3,2.497,586
2023-04-10T00:00:00.000Z,0.9,10.27,1.44,1.23,2.73,1.822,290
2023-04-19T00:00:00.000Z,0.6,1.87,0.9,0.8,1.1,0.242,67
2023-04-20T00:00:00.000Z,0.5,2.1,0.9,0.7,1.47,0.414,579
2023-04-21T00:00:00.000Z,0.9,3.5,1.7,1.3,2.1,0.52,518
2023-04-22T00:00:00.000Z,0.5,1.77,0.8,0.7,1,0.192,491
2023-04-23T00:00:00.000Z,0.6,20.39,0.97,0.8,1.17,1.619,366
2023-04-24T00:00:00.000Z,0.3,4.59,0.8,0.6,1.3,0.773,580
2023-04-25T00:00:00.000Z,0.4,5.7,1.2,0.7,1.58,1.047,587
2023-04-26T00:00:00.000Z,0.33,2.2,1.1,0.6,1.45,0.444,578
2023-04-27T00:00:00.000Z,1,54.85,1.7,1.5,2.93,5.898,581
2023-04-28T00:00:00.000Z,0.4,2.83,1.1,0.9,1.3,0.324,397
2023-04-29T00:00:00.000Z,0.2,1.2,0.5,0.4,0.73,0.215,560
2023-04-30T00:00:00.000Z,0.7,3.45,1.02,0.93,1.12,0.201,412
2023-05-01T00:00:00.000Z,0.4,2.77,0.9,0.7,1.7,0.523,555
2023-05-02T00:00:00.000Z,0.8,69.4,3.5,1.4,9.96,15.378,557
2023-05-03T00:00:00.000Z,0.83,39.54,2.79,1.5,12.8,8.732,406
2023-05-04T00:00:00.000Z,1.17,14.6,1.98,1.6,2.6,1.706,557
2023-05-05T00:00:00.000Z,0.9,2.52,1.4,1.2,1.6,0.286,390
2023-05-06T00:00:00.000Z,0.47,1.3,0.7,0.6,0.8,0.116,580
2023-05-07T00:00:00.000Z,0.5,19.75,0.9,0.73,1.2,3.976,447
2023-05-08T00:00:00.000Z,1.43,11.68,3.07,2.4,4.22,1.722,569
2023-05-09T00:00:00.000Z,0.8,2.2,1.4,1.29,1.6,0.252,588
2023-05-10T00:00:00.000Z,0.2,1.8,0.7,0.5,0.93,0.29,580
2023-05-11T00:00:00.000Z,0.2,4.78,0.5,0.4,0.63,0.523,570
2023-05-12T00:00:00.000Z,0.3,1.97,0.5,0.47,1.3,0.469,586
2023-05-13T00:00:00.000Z,0.6,9.73,1.6,1.1,2.24,1.479,584
2023-05-14T00:00:00.000Z,0.5,3.2,1.03,0.8,1.5,0.533,580
2023-05-15T00:00:00.000Z,0.23,1.6,0.5,0.4,0.52,0.106,579
2023-05-16T00:00:00.000Z,0.4,3.37,0.7,0.56,2.33,0.889,460
2023-05-17T00:00:00.000Z,0.3,3.37,0.95,0.6,1.67,0.678,570
2023-05-18T00:00:00.000Z,0.3,42.67,1.05,0.7,1.9,3.683,586
2023-05-19T00:00:00.000Z,0.4,17.43,1.9,0.73,2.2,1.641,574
2023-05-20T00:00:00.000Z,1,7.6,1.74,1.6,1.9,0.544,590
2023-05-21T00:00:00.000Z,0.7,8.68,2.2,1.1,3,1.193,535
2023-05-22T00:00:00.000Z,1.14,19.42,2,1.7,2.5,1.264,544
2023-05-23T00:00:00.000Z,1.85,30.4,3,2.57,6.47,5.418,564
2023-05-24T00:00:00.000Z,0.73,2.7,1.1,1,1.2,0.328,555
2023-05-25T00:00:00.000Z,0.7,1.87,1.1,0.95,1.2,0.205,497
2023-05-26T00:00:00.000Z,0.8,2.52,1.4,1.2,1.9,0.398,434
2023-05-27T00:00:00.000Z,1.35,3.77,2.47,2.1,2.73,0.443,465
2023-05-28T00:00:00.000Z,0.8,2.4,1.5,1.3,1.7,0.288,499
2023-05-29T00:00:00.000Z,0.7,2.75,1.7,1,2,0.519,500
2023-05-30T00:00:00.000Z,1.43,3.15,2,1.85,2.1,0.223,582
2023-05-31T00:00:00.000Z,1.58,3,2.23,2,2.4,0.265,353
2023-06-01T00:00:00.000Z,1.9,5.27,2.7,2.5,3.1,0.646,573
2023-06-02T00:00:00.000Z,1,4.3,2.2,1.7,3,0.717,582
2023-06-03T00:00:00.000Z,0.6,1.4,1,0.8,1.1,0.165,463
2023-06-04T00:00:00.000Z,0.5,3.03,0.9,0.75,1,0.283,585
2023-06-05T00:00:00.000Z,1.2,7.57,2.29,1.5,2.8,0.817,576
2023-06-06T00:00:00.000Z,1.2,3.33,2.21,1.9,2.52,0.445,370
2023-06-07T00:00:00.000Z,1.47,2.7,2,1.85,2.17,0.232,588
2023-06-08T00:00:00.000Z,1.67,3.43,2.5,2.23,2.8,0.353,447
2023-06-09T00:00:00.000Z,0.9,2.5,1.77,1.33,2,0.358,569
2023-06-10T00:00:00.000Z,1,3.3,1.63,1.4,2.1,0.531,587
2023-06-11T00:00:00.000Z,1,2.25,1.4,1.23,1.5,0.202,592
2023-06-12T00:00:00.000Z,0.6,1.8,1.2,0.98,1.3,0.224,589
2023-06-13T00:00:00.000Z,0.5,1.83,0.81,0.77,0.9,0.123,578
2023-06-14T00:00:00.000Z,0.56,1.4,0.83,0.8,0.9,0.119,577
2023-06-15T00:00:00.000Z,0.7,1.5,1,0.9,1.1,0.14,589
2023-06-16T00:00:00.000Z,0.7,1.45,1,0.9,1.1,0.144,588
2023-06-17T00:00:00.000Z,0.5,1.2,0.8,0.7,0.9,0.123,579
2023-06-18T00:00:00.000Z,0.68,3.3,2.39,1.1,2.6,0.759,584
2023-06-19T00:00:00.000Z,2.13,4.26,3.3,2.8,3.57,0.462,379
2023-06-20T00:00:00.000Z,1.2,12.53,2,1.7,2.83,2.608,552
2023-06-21T00:00:00.000Z,1.08,5.37,1.54,1.38,2.29,0.907,526
2023-06-22T00:00:00.000Z,0.9,1.87,1.25,1.2,1.33,0.141,532
2023-06-23T00:00:00.000Z,0.77,3.25,1.5,1.2,1.8,0.413,576
2023-06-24T00:00:00.000Z,0.52,1.67,0.8,0.73,1,0.205,591
2023-06-25T00:00:00.000Z,0.8,2.4,1.2,1.1,1.4,0.33,589
2023-06-26T00:00:00.000Z,0.8,8.93,2.5,1.73,2.85,0.869,507
2023-06-27T00:00:00.000Z,0.3,1.2,0.6,0.5,0.77,0.187,588
2023-06-28T00:00:00.000Z,0.3,1.7,0.5,0.4,1.1,0.405,590
2023-06-29T00:00:00.000Z,0.9,2.2,1.38,1.27,1.5,0.19,567
2023-06-30T00:00:00.000Z,1.73,5.97,2.73,2.37,3.65,0.985,587
2023-07-01T00:00:00.000Z,0.9,7.2,4.2,2,5.3,1.829,363
2023-07-02T00:00:00.000Z,0.6,4.63,1.2,0.93,1.5,0.433,573
2023-07-03T00:00:00.000Z,0.6,16.5,2,1,2.29,1.053,564
2023-07-04T00:00:00.000Z,0.5,2.02,1,0.8,1.25,0.3,426
2023-07-05T00:00:00.000Z,0.4,1.57,0.7,0.6,0.9,0.237,551
2023-07-06T00:00:00.000Z,0.3,0.77,0.5,0.5,0.6,0.08,285
2023-07-07T00:00:00.000Z,0.4,0.98,0.63,0.6,0.7,0.103,531
2023-07-08T00:00:00.000Z,0.4,1,0.65,0.6,0.7,0.099,344
2023-07-09T00:00:00.000Z,0.4,1.07,0.56,0.5,0.6,0.113,363
2023-07-10T00:00:00.000Z,0.6,2.85,1,0.9,1.7,0.556,363
2023-07-11T00:00:00.000Z,1.73,25.6,4.09,2.27,5.3,4.328,550
2023-07-12T00:00:00.000Z,0.9,4.15,1.48,1.3,2.25,0.738,518
2023-07-13T00:00:00.000Z,0.6,1.23,0.9,0.8,0.98,0.123,560
2023-07-14T00:00:00.000Z,0.73,2.5,1.1,1,1.3,0.254,503
2023-07-15T00:00:00.000Z,0.73,2.52,1,0.9,1.12,0.239,409
2023-07-16T00:00:00.000Z,0.55,1.88,0.9,0.8,1,0.144,591
2023-07-17T00:00:00.000Z,0.6,4.63,0.9,0.8,2.7,1.073,391
2023-07-18T00:00:00.000Z,1.1,4.63,2.5,1.9,2.8,0.655,590
2023-07-19T00:00:00.000Z,1.3,3.8,2.2,1.9,2.63,0.502,471
2023-07-20T00:00:00.000Z,0.95,2.47,1.77,1.3,2,0.378,503
2023-07-21T00:00:00.000Z,0.6,2.43,1,0.9,1.12,0.209,588
2023-07-22T00:00:00.000Z,0.4,1.88,0.8,0.7,0.9,0.187,578
2023-07-23T00:00:00.000Z,0.5,1.2,0.8,0.7,0.9,0.122,589
2023-07-24T00:00:00.000Z,0.5,11.82,5.09,0.8,7.37,3.23,547
2023-07-25T00:00:00.000Z,0.7,5,2.06,1.27,3.17,1.123,551
2023-07-26T00:00:00.000Z,0.4,1.1,0.7,0.6,0.8,0.116,586
2023-07-27T00:00:00.000Z,0.4,2,0.7,0.6,1.4,0.414,581
2023-07-28T00:00:00.000Z,1,4.23,1.4,1.21,2.1,0.643,556
2023-07-29T00:00:00.000Z,0.65,22.75,1.1,0.9,2.31,1.928,572
2023-07-30T00:00:00.000Z,0.53,12.27,1.1,0.9,1.48,1.02,587
2023-07-31T00:00:00.000Z,0.5,17.53,1.48,0.88,3.76,4.014,577
2023-08-01T00:00:00.000Z,0.7,2.35,1.27,1.1,1.5,0.315,593
2023-08-02T00:00:00.000Z,0.47,3.65,0.8,0.6,1.72,0.745,565
2023-08-03T00:00:00.000Z,0.6,9.17,1.1,0.9,1.43,1.37,563
2023-08-04T00:00:00.000Z,0.3,1.1,0.6,0.52,0.7,0.127,591
2023-08-05T00:00:00.000Z,0.3,1,0.6,0.5,0.63,0.099,589
2023-08-06T00:00:00.000Z,0.3,1.1,0.6,0.5,0.7,0.113,583
2023-08-07T00:00:00.000Z,0.2,0.75,0.4,0.4,0.5,0.082,591
2023-08-08T00:00:00.000Z,0.2,0.6,0.4,0.3,0.4,0.064,589
2023-08-09T00:00:00.000Z,0.2,0.77,0.4,0.37,0.47,0.083,586
2023-08-10T00:00:00.000Z,0.3,74.81,2.5,0.5,5.15,5.592,575
2023-08-11T00:00:00.000Z,0.8,2.4,1.5,1.3,1.75,0.292,582
2023-08-12T00:00:00.000Z,0.93,2.47,1.4,1.27,1.66,0.278,589
2023-08-13T00:00:00.000Z,1.1,2.4,1.73,1.5,1.93,0.271,590
2023-08-14T00:00:00.000Z,0.9,50.5,1.53,1.23,13.24,10.085,593
2023-08-15T00:00:00.000Z,1.4,35.83,5.04,3,8.67,5.864,586
2023-08-16T00:00:00.000Z,1,41.22,2.57,1.4,4.38,4.027,591
2023-08-17T00:00:00.000Z,1.6,4.97,2.37,2,3.32,0.9,548
2023-08-18T00:00:00.000Z,1.95,3.37,2.33,2.19,2.44,0.221,92
2023-08-20T00:00:00.000Z,1.1,2.29,1.93,1.9,2.1,0.217,74
2023-08-21T00:00:00.000Z,1.77,22.88,2.97,2.4,6.9,4.739,572
2023-08-22T00:00:00.000Z,1.5,2.97,2.29,2.04,2.5,0.29,590
2023-08-23T00:00:00.000Z,2.2,207.6,3.05,2.7,16.38,14.62,588
2023-08-24T00:00:00.000Z,2.8,51.67,5.83,3.85,14.68,8.846,587
2023-08-25T00:00:00.000Z,1.7,11.13,3,2.57,4.98,2.271,589
2023-08-26T00:00:00.000Z,1.3,3.93,2.4,2.17,2.63,0.412,591
2023-08-27T00:00:00.000Z,0.6,6.9,1.3,1,1.8,0.839,577
2023-08-28T00:00:00.000Z,0.5,10.73,0.98,0.8,1.67,1.298,589
2023-08-29T00:00:00.000Z,0.3,0.88,0.5,0.43,0.6,0.096,585
2023-08-30T00:00:00.000Z,0.35,65.27,1.4,0.6,2.34,5.846,585
2023-08-31T00:00:00.000Z,0.6,41.6,2.02,1,4.92,3.934,585
2023-09-01T00:00:00.000Z,0.6,1.97,0.9,0.8,1,0.198,540
2023-09-02T00:00:00.000Z,0.5,1.7,0.8,0.7,0.83,0.103,564
2023-09-03T00:00:00.000Z,0.7,1.48,1,0.9,1.08,0.124,576
2023-09-04T00:00:00.000Z,0.6,1.4,1,0.9,1.1,0.14,561
2023-09-05T00:00:00.000Z,0.7,1.4,1.02,0.95,1.1,0.131,540
2023-09-06T00:00:00.000Z,0.8,1.7,1.2,1.12,1.3,0.133,575
2023-09-07T00:00:00.000Z,1,1.7,1.3,1.2,1.4,0.122,568
2023-09-08T00:00:00.000Z,1.1,2.45,1.5,1.4,1.6,0.161,567
2023-09-09T00:00:00.000Z,1.3,2.33,1.77,1.6,1.9,0.201,524
2023-09-10T00:00:00.000Z,1.4,2.85,1.9,1.73,2.1,0.253,508
2023-09-11T00:00:00.000Z,1.4,2.7,2.1,1.9,2.29,0.262,514
2023-09-12T00:00:00.000Z,1.63,3.1,2.23,2.1,2.45,0.275,503
2023-09-13T00:00:00.000Z,1,2.73,1.5,1.33,1.88,0.365,570
2023-09-14T00:00:00.000Z,0.63,5.7,1.9,1,3,1.053,586
2023-09-15T00:00:00.000Z,2.08,4.75,2.73,2.54,3,0.307,568
2023-09-16T00:00:00.000Z,1,3.4,1.8,1.4,2.75,0.681,586
2023-09-17T00:00:00.000Z,0.9,1.9,1.3,1.2,1.4,0.169,588
2023-09-18T00:00:00.000Z,0.8,3.2,1.2,1.1,1.53,0.415,582
2023-09-19T00:00:00.000Z,0.43,1.27,0.8,0.7,0.9,0.134,569
2023-09-20T00:00:00.000Z,0.5,1.7,0.8,0.7,1.05,0.223,556
2023-09-21T00:00:00.000Z,0.8,44.37,1.14,1.02,14.67,12.198,591
2023-09-22T00:00:00.000Z,0.4,146.68,2.8,1,5.8,11.319,583
2023-09-23T00:00:00.000Z,0.3,4.28,0.6,0.5,0.9,0.436,593
2023-09-24T00:00:00.000Z,0.37,18.75,1.3,0.6,3.99,3.655,584
2023-09-25T00:00:00.000Z,0.77,101.97,1.7,1.2,10.89,17.008,592
2023-09-26T00:00:00.000Z,1.6,7.4,2.37,2.1,2.87,1.244,566
2023-09-27T00:00:00.000Z,1.1,12.73,1.8,1.58,2.5,2.218,575
2023-09-28T00:00:00.000Z,1.17,2.7,1.8,1.53,2.1,0.319,589
2023-09-29T00:00:00.000Z,1.1,18.73,1.73,1.5,2.02,1.102,587
2023-09-30T00:00:00.000Z,1.3,5.35,3.05,2.06,3.97,1.095,586
2023-10-01T00:00:00.000Z,1.63,4.03,2.38,2.13,2.7,0.427,556
2023-10-02T00:00:00.000Z,1.58,4.73,2.95,2.45,3.6,0.695,569
2023-10-03T00:00:00.000Z,0.68,2.33,1.1,1,1.37,0.291,486
2023-10-04T00:00:00.000Z,0.5,4.4,0.8,0.7,1.09,0.616,585
2023-10-05T00:00:00.000Z,0.5,4.34,1.37,0.85,1.6,0.582,585
2023-10-06T00:00:00.000Z,0.7,3.7,1.17,1,1.42,0.325,583
2023-10-07T00:00:00.000Z,0.6,1.45,0.9,0.85,1,0.123,582
2023-10-08T00:00:00.000Z,0.7,2.8,1.6,1.02,2.2,0.603,575
2023-10-09T00:00:00.000Z,0.7,43.45,2.1,1.55,3.47,4.505,574
2023-10-10T00:00:00.000Z,0.5,1.4,0.8,0.75,0.9,0.145,552
2023-10-11T00:00:00.000Z,0.47,1.53,0.9,0.8,1.1,0.208,576
2023-10-12T00:00:00.000Z,0.5,2.9,1.2,0.73,1.4,0.408,501
2023-10-13T00:00:00.000Z,0.7,1.93,1.2,1.05,1.3,0.193,572
2023-10-14T00:00:00.000Z,0.5,12.6,0.9,0.77,1.5,0.708,583
2023-10-15T00:00:00.000Z,0.5,32.92,1,0.8,1.3,1.667,583
2023-10-16T00:00:00.000Z,0.4,2.15,0.9,0.63,1.37,0.43,579
2023-10-17T00:00:00.000Z,1.2,3.47,1.8,1.6,2.17,0.492,576
2023-10-18T00:00:00.000Z,1.43,4.5,2.1,1.83,2.69,0.746,573
2023-10-19T00:00:00.000Z,1.63,4.53,2.97,2.6,3.28,0.544,568
2023-10-20T00:00:00.000Z,0.7,7,3.4,1.7,3.8,1.316,590
2023-10-21T00:00:00.000Z,0.3,1.4,0.6,0.5,0.73,0.178,590
2023-10-22T00:00:00.000Z,0.3,18.03,1.3,0.5,2.1,1.55,586
2023-10-23T00:00:00.000Z,0.5,3.72,0.9,0.79,1,0.312,592
2023-10-24T00:00:00.000Z,0.55,2.1,1.1,0.9,1.33,0.325,579
2023-10-25T00:00:00.000Z,0.33,1.3,0.7,0.5,0.8,0.198,589
2023-10-26T00:00:00.000Z,0.4,2,0.7,0.6,0.9,0.251,584
2023-10-27T00:00:00.000Z,0.43,4.73,1.1,0.9,1.5,0.64,588
2023-10-28T00:00:00.000Z,0.25,1.97,0.7,0.5,1,0.318,594
2023-10-29T00:00:00.000Z,0.4,1.95,0.7,0.6,1,0.399,582
2023-10-30T00:00:00.000Z,0.52,2,1.1,0.8,1.4,0.318,591
2023-10-31T00:00:00.000Z,0.3,35.97,0.73,0.4,3.9,6.214,591
2023-11-01T00:00:00.000Z,0.2,1.35,0.5,0.4,0.8,0.212,571
2023-11-02T00:00:00.000Z,0.4,1.85,0.9,0.77,1.1,0.286,551
2023-11-03T00:00:00.000Z,0.2,4.47,0.9,0.4,1.63,1.029,593
2023-11-04T00:00:00.000Z,0.3,23.6,0.7,0.56,1.1,2.849,594
2023-11-05T00:00:00.000Z,0.2,10.7,0.73,0.4,1.42,1.452,593
2023-11-06T00:00:00.000Z,0.2,3.9,0.4,0.3,1,0.435,581
2023-11-07T00:00:00.000Z,0.32,2.85,1.07,0.9,1.2,0.359,584
2023-11-08T00:00:00.000Z,0.3,10.5,0.6,0.5,0.7,0.437,589
2023-11-09T00:00:00.000Z,0.22,1.1,0.5,0.4,0.73,0.195,551
2023-11-10T00:00:00.000Z,0.4,1.27,0.7,0.6,0.8,0.125,573
2023-11-11T00:00:00.000Z,0.2,3.13,0.55,0.4,1,0.673,586
2023-11-12T00:00:00.000Z,0.53,3.3,1.4,1,1.8,0.631,357
2023-11-13T00:00:00.000Z,0.45,35.67,0.8,0.7,1.23,2.299,590
2023-11-14T00:00:00.000Z,0.3,5.3,0.5,0.47,0.6,0.405,587
2023-11-15T00:00:00.000Z,0.17,0.6,0.32,0.3,0.4,0.079,587
2023-11-16T00:00:00.000Z,0.2,0.6,0.3,0.3,0.4,0.08,592
2023-11-17T00:00:00.000Z,0.2,0.6,0.37,0.3,0.4,0.068,589
2023-11-18T00:00:00.000Z,0.2,0.56,0.3,0.3,0.4,0.068,582
2023-11-19T00:00:00.000Z,0.2,0.6,0.33,0.3,0.4,0.092,584
2023-11-20T00:00:00.000Z,0.17,0.5,0.3,0.3,0.4,0.066,585
2023-11-21T00:00:00.000Z,0.2,0.65,0.37,0.3,0.4,0.085,581
2023-11-22T00:00:00.000Z,0.2,0.6,0.4,0.4,0.47,0.067,593
2023-11-23T00:00:00.000Z,0.3,0.6,0.4,0.4,0.47,0.066,592
2023-11-24T00:00:00.000Z,0.2,0.98,0.4,0.4,0.5,0.12,591
2023-11-25T00:00:00.000Z,0.2,1.3,0.4,0.3,0.83,0.297,591
2023-11-26T00:00:00.000Z,0.3,1.63,0.7,0.5,1,0.306,588
2023-11-27T00:00:00.000Z,0.3,4.59,0.67,0.5,1.53,0.785,589
2023-11-28T00:00:00.000Z,0.6,14.77,1.1,0.98,1.4,1.207,589
2023-11-29T00:00:00.000Z,0.6,4.32,1.5,0.81,1.87,0.553,589
2023-11-30T00:00:00.000Z,0.5,11.9,1.4,0.9,2.79,2.235,596
2023-12-01T00:00:00.000Z,1.7,4.4,2.7,2.52,2.9,0.333,590
2023-12-02T00:00:00.000Z,1,9.25,2.24,1.4,3.63,1.617,546
2023-12-03T00:00:00.000Z,1.1,3.63,2.13,1.67,2.6,0.618,593
2023-12-04T00:00:00.000Z,0.73,2.47,1.4,1.3,1.7,0.305,594
2023-12-05T00:00:00.000Z,0.77,26.2,1.5,1.12,3.97,2.401,589
2023-12-06T00:00:00.000Z,0.9,16.23,1.6,1.3,2.79,3.264,592
2023-12-07T00:00:00.000Z,0.8,9.43,1.6,1.17,2.4,1.492,592
2023-12-08T00:00:00.000Z,0.6,3.47,1.6,1.2,2.52,0.734,593
2023-12-09T00:00:00.000Z,1,4.09,2.19,1.75,2.7,0.664,592
2023-12-10T00:00:00.000Z,0.5,2.42,1.17,0.9,1.4,0.358,593
2023-12-11T00:00:00.000Z,0.3,5.09,0.8,0.6,3.4,1.527,591
2023-12-12T00:00:00.000Z,0.5,2.4,0.9,0.8,1.12,0.38,589
2023-12-13T00:00:00.000Z,0.4,1.6,0.8,0.63,1.1,0.252,594
2023-12-14T00:00:00.000Z,0.43,129.19,0.9,0.77,15.23,23.965,594
2023-12-15T00:00:00.000Z,1.27,111.27,5.05,2.73,10.18,19.537,591
2023-12-16T00:00:00.000Z,0.4,2.33,0.8,0.66,1.2,0.443,592
2023-12-17T00:00:00.000Z,0.3,1.77,0.7,0.6,1.3,0.401,594
2023-12-18T00:00:00.000Z,0.6,2.63,1.43,1,2,0.557,591
2023-12-19T00:00:00.000Z,0.35,54.95,1.09,0.7,9.49,10.996,588
2023-12-20T00:00:00.000Z,0.5,6.05,0.89,0.7,2.04,1.35,588
2023-12-21T00:00:00.000Z,0.3,1.4,0.6,0.5,0.8,0.173,596
2023-12-22T00:00:00.000Z,0.2,1.67,0.6,0.4,0.7,0.182,592
2023-12-23T00:00:00.000Z,0.17,2.4,0.5,0.4,0.7,0.208,594
2023-12-24T00:00:00.000Z,0.2,2.2,0.6,0.4,1.58,0.585,589
2023-12-25T00:00:00.000Z,0.6,2.93,1.33,0.98,1.62,0.476,592
2023-12-26T00:00:00.000Z,0.3,3.1,0.7,0.5,1.4,0.624,522
2023-12-27T00:00:00.000Z,0.65,43.85,1.5,1.1,3.17,5.547,591
2023-12-28T00:00:00.000Z,0.5,28,1.1,0.8,2.27,2.235,592
2023-12-29T00:00:00.000Z,0.5,1.63,0.8,0.7,0.98,0.19,586
2023-12-30T00:00:00.000Z,0.4,1.4,0.8,0.7,0.9,0.171,595
2023-12-31T00:00:00.000Z,0.43,6.1,0.8,0.65,1.3,1.618,588
2024-01-01T00:00:00.000Z,0.8,4.09,1.53,1.3,2.09,0.705,584
2024-01-02T00:00:00.000Z,0.3,1.3,0.56,0.5,0.7,0.197,502
2024-01-03T00:00:00.000Z,0.2,1.83,0.4,0.32,0.4,0.089,589
2024-01-04T00:00:00.000Z,0.2,17.38,0.4,0.3,0.9,1.2,589
2024-01-05T00:00:00.000Z,0.3,1.1,0.5,0.4,0.6,0.148,587
2024-01-06T00:00:00.000Z,0.3,1.33,0.5,0.5,0.6,0.097,594
2024-01-07T00:00:00.000Z,0.2,1,0.5,0.4,0.6,0.157,589
2024-01-08T00:00:00.000Z,0.6,1.3,0.85,0.8,1,0.147,592
2024-01-09T00:00:00.000Z,0.88,36.95,3.3,1.2,4.44,3.703,592
2024-01-10T00:00:00.000Z,3.2,50.7,4.8,3.86,5.27,4.25,593
2024-01-11T00:00:00.000Z,4.07,21.65,5.6,5.23,7.2,3.788,594
2024-01-12T00:00:00.000Z,1.38,8.5,3.6,3.07,4.09,1.01,592
2024-01-13T00:00:00.000Z,0.4,1.6,0.7,0.6,0.97,0.269,590
2024-01-14T00:00:00.000Z,0.4,1.05,0.6,0.56,0.68,0.085,587
2024-01-15T00:00:00.000Z,0.2,0.8,0.4,0.3,0.5,0.107,593
2024-01-16T00:00:00.000Z,0.2,1.4,0.4,0.3,0.93,0.332,588
2024-01-17T00:00:00.000Z,0.4,1.08,0.7,0.6,0.8,0.118,586
2024-01-18T00:00:00.000Z,0.4,39.83,1.4,0.6,2.7,3.23,595
2024-01-19T00:00:00.000Z,0.2,2.29,0.52,0.4,0.9,0.451,588
2024-01-20T00:00:00.000Z,0.2,0.53,0.37,0.3,0.4,0.065,595
2024-01-21T00:00:00.000Z,0.2,0.67,0.4,0.3,0.4,0.086,593
2024-01-22T00:00:00.000Z,0.2,1.5,0.4,0.4,0.9,0.34,591
2024-01-23T00:00:00.000Z,0.23,1.12,0.6,0.5,0.8,0.193,592
2024-01-24T00:00:00.000Z,0.4,1.8,0.73,0.6,1.1,0.333,576
2024-01-25T00:00:00.000Z,0.3,1.3,0.6,0.5,0.8,0.215,591
2024-01-26T00:00:00.000Z,0.4,2.7,0.8,0.63,1.1,0.428,593
2024-01-27T00:00:00.000Z,0.3,1,0.5,0.4,0.63,0.152,594
2024-01-28T00:00:00.000Z,0.4,1.37,0.73,0.6,0.9,0.181,593
2024-01-29T00:00:00.000Z,0.5,2.2,0.9,0.7,1.3,0.393,595
2024-01-30T00:00:00.000Z,1.1,3.23,1.6,1.5,1.8,0.243,590
2024-01-31T00:00:00.000Z,0.8,2.5,1.38,1.2,1.7,0.355,597
2024-02-01T00:00:00.000Z,0.7,4.83,1.3,1.1,2.06,0.699,571
2024-02-02T00:00:00.000Z,0.47,19.77,0.9,0.77,1.1,1.498,545
2024-02-03T00:00:00.000Z,0.56,2.8,0.9,0.73,1.98,0.682,580
2024-02-04T00:00:00.000Z,1.02,2.37,1.6,1.45,1.8,0.251,250
2024-02-10T00:00:00.000Z,0.33,0.93,0.6,0.5,0.63,0.095,238
2024-02-11T00:00:00.000Z,0.25,1.8,0.56,0.5,1,0.355,592
2024-02-12T00:00:00.000Z,0.5,1.93,0.9,0.8,1,0.198,594
2024-02-13T00:00:00.000Z,0.3,2.85,1,0.5,1.3,0.514,593
2024-02-14T00:00:00.000Z,0.5,1.8,0.8,0.7,1,0.221,595
2024-02-15T00:00:00.000Z,0.6,14,1.2,0.95,5.88,3.394,585
2024-02-16T00:00:00.000Z,0.4,3.73,0.9,0.63,1.79,0.798,588
2024-02-17T00:00:00.000Z,0.4,3,1,0.6,1.2,0.445,589
2024-02-18T00:00:00.000Z,0.4,1.3,0.8,0.7,0.9,0.142,589
2024-02-19T00:00:00.000Z,0.35,16.1,0.8,0.7,1.02,1.066,584
2024-02-20T00:00:00.000Z,0.1,1.33,0.4,0.3,0.6,0.183,591
2024-02-21T00:00:00.000Z,0.3,1,0.6,0.5,0.68,0.115,591
2024-02-22T00:00:00.000Z,0.3,1.08,0.6,0.5,0.7,0.132,587
2024-02-23T00:00:00.000Z,0.37,2.9,0.8,0.63,1.27,0.507,594
2024-02-24T00:00:00.000Z,0.2,0.9,0.4,0.3,0.5,0.116,585
2024-02-25T00:00:00.000Z,0.2,2.97,0.5,0.4,1,0.485,585
2024-02-26T00:00:00.000Z,0.4,476.9,0.8,0.67,6,32.452,586
2024-02-27T00:00:00.000Z,1.5,5.4,2.3,2.06,2.67,0.689,593
2024-02-28T00:00:00.000Z,1.6,4.63,2.2,2,2.67,0.409,595
2024-02-29T00:00:00.000Z,2,3.63,2.8,2.5,3,0.321,592
2024-03-01T00:00:00.000Z,1.2,5.6,2.4,2.1,2.84,0.721,540
2024-03-02T00:00:00.000Z,0.3,1.4,0.6,0.5,0.8,0.231,587
2024-03-03T00:00:00.000Z,0.2,24.63,0.6,0.4,1.2,3.387,591
2024-03-04T00:00:00.000Z,0.37,114.4,2.33,0.56,3,9.876,590
2024-03-05T00:00:00.000Z,1.88,29,5.29,2.47,16.59,8.506,592
2024-03-06T00:00:00.000Z,1,7.8,2.24,1.73,3.4,1.619,588
2024-03-07T00:00:00.000Z,0.6,5.05,2.5,1,3.22,1.187,574
2024-03-08T00:00:00.000Z,1.6,5.09,2.54,2.29,2.97,0.651,583
2024-03-09T00:00:00.000Z,0.3,2.63,1.08,0.52,1.6,0.577,587
2024-03-10T00:00:00.000Z,0.13,1.63,0.4,0.3,0.5,0.167,590
2024-03-11T00:00:00.000Z,0.2,6.68,1.1,0.5,1.63,0.924,571
2024-03-12T00:00:00.000Z,0.4,10.13,0.95,0.7,1.6,0.945,592
2024-03-13T00:00:00.000Z,0.22,7.5,0.85,0.5,1.5,1.111,591
2024-03-14T00:00:00.000Z,0.38,14.25,0.69,0.56,0.9,0.818,588
2024-03-15T00:00:00.000Z,0.25,6.85,0.6,0.47,1,1.211,591
2024-03-16T00:00:00.000Z,0.2,4,0.56,0.4,0.82,0.413,595
2024-03-17T00:00:00.000Z,0.2,53.08,0.8,0.4,7.05,9.543,583
2024-03-18T00:00:00.000Z,0.4,22,1.33,0.9,2.17,1.81,594
2024-03-19T00:00:00.000Z,0.2,0.7,0.4,0.4,0.5,0.077,592
2024-03-20T00:00:00.000Z,0.3,0.77,0.45,0.4,0.5,0.093,588
2024-03-21T00:00:00.000Z,0.37,0.87,0.6,0.5,0.63,0.085,593
2024-03-22T00:00:00.000Z,0.3,0.9,0.6,0.5,0.6,0.082,509
2024-03-23T00:00:00.000Z,0.23,0.8,0.5,0.4,0.6,0.116,551
2024-03-24T00:00:00.000Z,0.1,0.5,0.3,0.3,0.4,0.062,577
2024-03-25T00:00:00.000Z,0.2,0.6,0.37,0.3,0.4,0.074,595
2024-03-26T00:00:00.000Z,0.3,0.7,0.5,0.4,0.5,0.078,593
2024-03-27T00:00:00.000Z,0.2,0.6,0.33,0.3,0.4,0.078,595
2024-03-28T00:00:00.000Z,0.1,0.5,0.3,0.3,0.4,0.065,592
2024-03-29T00:00:00.000Z,0.17,1.3,0.3,0.3,0.4,0.195,374
2024-03-30T00:00:00.000Z,0.3,15.88,0.8,0.6,1.23,1.321,588
2024-03-31T00:00:00.000Z,0.33,1.12,0.6,0.53,0.75,0.144,592
2024-04-01T00:00:00.000Z,0.2,627.88,1.8,0.47,7.7,38.2,539
2024-04-02T00:00:00.000Z,0.3,5.23,0.8,0.55,1.2,0.861,592
2024-04-03T00:00:00.000Z,0.25,7.03,0.7,0.5,1,1.465,594
2024-04-04T00:00:00.000Z,0.2,23.2,1.2,0.73,3.3,4.048,595
2024-04-05T00:00:00.000Z,0.5,437.77,9.3,2,24.52,49.848,587
2024-04-06T00:00:00.000Z,0.52,33.2,2.6,1.2,5.07,3.677,587
2024-04-07T00:00:00.000Z,0.56,114.07,5.43,1.83,12.07,14.332,590
2024-04-08T00:00:00.000Z,0.7,4.13,1.2,1,1.5,0.625,585
2024-04-09T00:00:00.000Z,0.6,57.43,1.94,1,4.8,7.364,590
2024-04-10T00:00:00.000Z,0.28,28.87,1.1,0.67,2.9,3.819,579
2024-04-11T00:00:00.000Z,0.5,14.48,0.9,0.77,1.2,1.345,579
2024-04-12T00:00:00.000Z,0.53,240.77,10.95,1,40.22,44.685,582
2024-04-13T00:00:00.000Z,0.63,4.3,1.07,0.9,1.6,0.78,593
2024-04-14T00:00:00.000Z,0.4,1.2,0.7,0.6,0.81,0.175,592
2024-04-15T00:00:00.000Z,0.4,1,0.7,0.6,0.77,0.099,594
2024-04-16T00:00:00.000Z,0.2,108.6,3.63,0.6,9.96,12.016,592
2024-04-17T00:00:00.000Z,0.3,9.75,0.5,0.4,0.7,0.887,590
2024-04-18T00:00:00.000Z,0.2,33.79,0.5,0.4,0.88,2.576,596
2024-04-19T00:00:00.000Z,0.2,130.97,2.5,0.4,14.24,19.922,593
2024-04-20T00:00:00.000Z,0.3,11.07,0.6,0.5,0.9,0.535,566
2024-04-21T00:00:00.000Z,0.27,83.27,0.6,0.5,3.07,12.854,594
2024-04-22T00:00:00.000Z,0.6,77.65,1.94,1.25,8.94,10.746,588
2024-04-23T00:00:00.000Z,1,78.38,2.25,1.4,4.4,11.872,591
2024-04-24T00:00:00.000Z,0.85,110.8,10.99,1.2,26.63,24.314,592
2024-04-25T00:00:00.000Z,0.97,12.85,2.73,1.65,4.72,2.326,591
2024-04-26T00:00:00.000Z,0.5,28.93,1,0.9,1.42,1.503,573
2024-04-27T00:00:00.000Z,0.3,75.03,2.2,0.67,8.72,17.277,592
2024-04-28T00:00:00.000Z,0.4,4.37,1.1,0.7,1.8,0.72,594
2024-04-29T00:00:00.000Z,0.4,1.7,0.85,0.7,1,0.204,594
2024-04-30T00:00:00.000Z,0.6,7.5,1.7,1.1,3.27,2.019,590
2024-05-01T00:00:00.000Z,1.27,3.35,1.8,1.6,2,0.352,565
2024-05-02T00:00:00.000Z,0.5,5.22,1.15,0.9,1.5,0.818,590
2024-05-03T00:00:00.000Z,0.3,30.73,0.7,0.5,1.48,5.064,595
2024-05-04T00:00:00.000Z,0.3,0.97,0.5,0.4,0.6,0.107,376
2024-05-05T00:00:00.000Z,0.33,1.92,0.8,0.6,1.1,0.252,477
2024-05-06T00:00:00.000Z,0.23,1.1,0.52,0.5,0.63,0.138,596
2024-05-07T00:00:00.000Z,0.2,5,0.6,0.5,0.8,0.355,591
2024-05-08T00:00:00.000Z,0.6,6.27,1.1,0.9,1.6,0.778,594
2024-05-09T00:00:00.000Z,0.6,36.57,2.13,1.07,6.03,6.02,596
2024-05-10T00:00:00.000Z,1.3,2.38,1.8,1.63,1.9,0.188,593
2024-05-11T00:00:00.000Z,1.3,7.2,2,1.8,2.1,0.565,589
2024-05-12T00:00:00.000Z,1.1,1.98,1.5,1.4,1.6,0.166,594
2024-05-13T00:00:00.000Z,1.27,22.42,1.97,1.67,4.55,4.453,594
2024-05-14T00:00:00.000Z,0.5,2,1.27,0.97,1.4,0.295,592
2024-05-15T00:00:00.000Z,0.4,2.47,0.8,0.6,1.3,0.487,589
2024-05-16T00:00:00.000Z,0.4,1.1,0.7,0.63,0.8,0.098,588
2024-05-17T00:00:00.000Z,0.2,1.43,0.5,0.4,0.8,0.268,595
2024-05-18T00:00:00.000Z,0.3,0.8,0.5,0.4,0.6,0.097,597
2024-05-19T00:00:00.000Z,0.33,0.9,0.6,0.5,0.7,0.114,595
2024-05-20T00:00:00.000Z,0.5,5.6,1.43,0.8,1.7,0.922,597
2024-05-21T00:00:00.000Z,0.8,14.27,1.7,1.5,4.08,2.972,596
2024-05-22T00:00:00.000Z,0.4,15.1,1.52,0.7,4.3,3.368,594
2024-05-23T00:00:00.000Z,0.3,28.97,2.89,0.63,6.37,6.232,596
2024-05-24T00:00:00.000Z,0.6,23.33,1.33,0.93,2.49,3.377,597
2024-05-25T00:00:00.000Z,0.3,1.67,0.67,0.6,0.73,0.202,595
2024-05-26T00:00:00.000Z,0.5,37.29,1.4,0.8,2,2.101,593
2024-05-27T00:00:00.000Z,0.67,1.6,1,0.9,1.1,0.145,594
2024-05-28T00:00:00.000Z,0.5,29.03,9.7,0.83,14.55,7.812,596
2024-05-29T00:00:00.000Z,0.5,9.38,1.1,0.8,2.17,1.95,595
2024-05-30T00:00:00.000Z,0.5,16.7,1.4,0.7,2.9,2.472,594
2024-05-31T00:00:00.000Z,0.3,1.55,0.5,0.5,0.7,0.197,594
2024-06-01T00:00:00.000Z,0.3,0.77,0.5,0.4,0.5,0.089,568
2024-06-02T00:00:00.000Z,0.3,1,0.6,0.5,0.7,0.103,595
2024-06-03T00:00:00.000Z,0.6,3.8,1.93,0.9,2.4,0.837,592
2024-06-04T00:00:00.000Z,2,4.03,2.77,2.5,3.1,0.42,594
2024-06-05T00:00:00.000Z,1.1,3.73,1.6,1.5,2.09,0.593,596
2024-06-06T00:00:00.000Z,1.2,4,1.83,1.63,2.5,0.521,593
2024-06-07T00:00:00.000Z,0.8,2.17,1.33,1.17,1.5,0.243,592
2024-06-08T00:00:00.000Z,0.4,1.2,0.73,0.62,0.9,0.151,596
2024-06-09T00:00:00.000Z,0.3,0.93,0.56,0.5,0.6,0.1,594
2024-06-10T00:00:00.000Z,0.4,4.2,1.7,0.7,2.6,1.07,575
2024-06-11T00:00:00.000Z,0.4,19.45,1.2,0.8,4.19,3.799,592
2024-06-12T00:00:00.000Z,0.8,27.48,2.7,1.5,7.68,4.842,593
2024-06-13T00:00:00.000Z,0.47,49.4,3.12,1.5,5.7,6.08,594
2024-06-14T00:00:00.000Z,0.87,7.15,1.4,1.2,2,0.814,595
2024-06-15T00:00:00.000Z,0.4,1.3,0.8,0.6,0.93,0.197,517
2024-06-16T00:00:00.000Z,0.2,0.77,0.4,0.36,0.5,0.097,585
2024-06-17T00:00:00.000Z,0.1,0.98,0.4,0.3,0.6,0.169,592
2024-06-18T00:00:00.000Z,0.5,2.5,1.12,0.8,1.4,0.367,592
2024-06-19T00:00:00.000Z,0.8,1.67,1.12,1.03,1.3,0.168,594
2024-06-20T00:00:00.000Z,0.87,2.43,1.7,1.42,2,0.33,593
2024-06-21T00:00:00.000Z,0.7,1.83,1.3,1.1,1.47,0.228,592
2024-06-22T00:00:00.000Z,0.35,1.3,0.7,0.6,0.8,0.164,593
2024-06-23T00:00:00.000Z,0.3,1.6,0.7,0.5,0.93,0.291,591
2024-06-24T00:00:00.000Z,1.12,2.75,2,1.8,2.17,0.285,593
2024-06-25T00:00:00.000Z,1.5,5.6,2.22,2,2.7,0.854,595
2024-06-26T00:00:00.000Z,0.87,4.63,1.98,1.52,2.23,0.588,585
2024-06-27T00:00:00.000Z,0.6,3.5,1.4,1,1.9,0.61,593
2024-06-28T00:00:00.000Z,0.8,4.22,2.2,1.2,2.8,0.919,595
2024-06-29T00:00:00.000Z,1.17,2.87,1.97,1.7,2.17,0.304,597
2024-06-30T00:00:00.000Z,0.5,1.97,1.08,0.9,1.26,0.254,597
2024-07-01T00:00:00.000Z,0.4,3.8,1.3,0.9,2.02,0.813,584
2024-07-02T00:00:00.000Z,0.3,1.03,0.6,0.5,0.7,0.099,594
2024-07-03T00:00:00.000Z,0.2,0.77,0.5,0.4,0.52,0.085,593
2024-07-04T00:00:00.000Z,0.2,0.6,0.4,0.3,0.4,0.072,596
2024-07-05T00:00:00.000Z,0.2,0.6,0.4,0.4,0.5,0.072,594
2024-07-06T00:00:00.000Z,0.3,0.6,0.43,0.4,0.5,0.07,596
2024-07-07T00:00:00.000Z,0.3,17.73,0.5,0.4,5.14,4.305,596
2024-07-08T00:00:00.000Z,0.7,4.78,1.2,1.07,1.52,0.808,595
2024-07-09T00:00:00.000Z,0.8,10.7,4.47,1.1,7.27,3.287,573
2024-07-10T00:00:00.000Z,2.8,38,5.7,4.7,6.77,4.057,569
2024-07-11T00:00:00.000Z,2.52,5.7,3.3,3.05,3.65,0.58,574
2024-07-12T00:00:00.000Z,1.2,3.83,2.6,2,2.9,0.614,597
2024-07-13T00:00:00.000Z,0.47,1.6,0.97,0.8,1.2,0.258,595
2024-07-14T00:00:00.000Z,1.1,4.26,1.9,1.6,2.29,0.61,596
2024-07-15T00:00:00.000Z,0.3,3.2,0.7,0.6,1.7,0.746,595
2024-07-16T00:00:00.000Z,0.3,0.8,0.5,0.5,0.6,0.088,595
2024-07-17T00:00:00.000Z,0.3,0.97,0.5,0.5,0.6,0.11,595
2024-07-18T00:00:00.000Z,0.7,22.8,1.5,1.1,2.8,5.213,596
2024-07-19T00:00:00.000Z,1.43,16.3,3.37,1.9,5.2,2.608,586
2024-07-20T00:00:00.000Z,2.83,78.4,9.34,3.9,30.63,18.945,594
2024-07-21T00:00:00.000Z,1.6,21.42,2.8,2.3,3.73,1.659,582
2024-07-22T00:00:00.000Z,1.25,9.63,2.1,1.7,3.04,1.502,592
2024-07-23T00:00:00.000Z,1.1,9.1,1.6,1.48,1.82,0.984,593
2024-07-24T00:00:00.000Z,0.5,2.4,0.8,0.7,1.07,0.387,596
2024-07-25T00:00:00.000Z,0.4,1,0.7,0.6,0.73,0.098,592
2024-07-26T00:00:00.000Z,0.5,3.47,1.7,0.93,2,0.579,594
2024-07-27T00:00:00.000Z,0.7,1.7,1.03,0.93,1.2,0.176,587
2024-07-28T00:00:00.000Z,0.63,321.85,1.92,0.9,3.43,13.535,595
2024-07-29T00:00:00.000Z,0.8,2.1,1.27,1.1,1.43,0.222,595
2024-07-30T00:00:00.000Z,1.4,12.18,2.27,1.9,3.13,0.875,577
2024-07-31T00:00:00.000Z,1.3,4.05,2.06,1.83,3.17,0.715,567
2024-08-01T00:00:00.000Z,1.05,3.6,1.6,1.43,1.9,0.427,542
2024-08-02T00:00:00.000Z,0.6,1.9,1.12,0.9,1.4,0.292,578
2024-08-03T00:00:00.000Z,0.4,1.4,0.88,0.73,1,0.168,582
2024-08-04T00:00:00.000Z,1.1,2.5,1.7,1.53,1.83,0.254,566
2024-08-05T00:00:00.000Z,1.17,2.8,2.1,1.7,2.33,0.382,566
2024-08-06T00:00:00.000Z,1.1,26.07,1.6,1.45,1.8,4.38,561
2024-08-07T00:00:00.000Z,0.47,63.73,2.6,1.36,3.4,3.816,532
2024-08-08T00:00:00.000Z,0.3,2.8,0.7,0.6,0.93,0.393,555
2024-08-09T00:00:00.000Z,0.2,2.06,0.63,0.4,0.9,0.376,554
2024-08-10T00:00:00.000Z,0.35,1.4,0.8,0.6,1,0.264,550
2024-08-11T00:00:00.000Z,0.7,1.4,1,0.9,1.1,0.116,578
2024-08-12T00:00:00.000Z,0.63,3.47,1.17,0.88,2.29,0.812,559
2024-08-13T00:00:00.000Z,1.2,5.17,2.15,1.8,2.8,0.663,567
2024-08-14T00:00:00.000Z,1.4,4,2.2,1.8,3.3,0.758,537
2024-08-15T00:00:00.000Z,1.3,2.9,2.04,1.87,2.22,0.289,493
2024-08-16T00:00:00.000Z,0.6,2.29,1,0.8,1.7,0.493,454
2024-08-17T00:00:00.000Z,0.5,1.2,0.8,0.7,0.87,0.111,549
2024-08-18T00:00:00.000Z,0.3,0.95,0.6,0.6,0.7,0.11,556
2024-08-19T00:00:00.000Z,0.2,0.7,0.4,0.4,0.5,0.086,544
2024-08-20T00:00:00.000Z,0.45,105.13,1.87,0.81,8.65,14.945,553
2024-08-21T00:00:00.000Z,1,6.83,3.23,1.8,4.5,1.656,542
2024-08-22T00:00:00.000Z,0.6,3.4,1.17,1,1.54,0.58,545
2024-08-23T00:00:00.000Z,1,3.97,2.06,1.6,2.84,0.721,556
2024-08-24T00:00:00.000Z,1.8,5.78,2.77,2.43,3,0.521,567
2024-08-25T00:00:00.000Z,0.6,3.1,1.73,1.1,2.29,0.652,558
2024-08-26T00:00:00.000Z,0.4,1.03,0.7,0.6,0.73,0.111,559
2024-08-27T00:00:00.000Z,0.5,1.77,0.9,0.7,1.1,0.256,549
2024-08-28T00:00:00.000Z,0.3,1.8,0.6,0.43,1.3,0.434,559
2024-08-29T00:00:00.000Z,0.3,0.7,0.4,0.4,0.5,0.07,564
2024-08-30T00:00:00.000Z,0.3,1.8,0.7,0.5,1.33,0.437,553
2024-08-31T00:00:00.000Z,0.3,4.07,0.8,0.59,1,0.401,564
2024-09-01T00:00:00.000Z,0.3,0.8,0.5,0.43,0.55,0.08,566
2024-09-02T00:00:00.000Z,0.3,0.8,0.5,0.45,0.56,0.08,553
2024-09-03T00:00:00.000Z,0.3,0.8,0.6,0.5,0.6,0.082,557
2024-09-04T00:00:00.000Z,0.3,0.8,0.53,0.5,0.6,0.089,558
2024-09-05T00:00:00.000Z,0.4,1.1,0.65,0.5,0.8,0.155,563
2024-09-06T00:00:00.000Z,0.3,1.1,0.6,0.5,0.7,0.137,549
2024-09-07T00:00:00.000Z,0.2,0.8,0.5,0.4,0.52,0.086,491
2024-09-08T00:00:00.000Z,0.23,1.3,0.45,0.4,0.6,0.214,551
2024-09-09T00:00:00.000Z,0.4,5.03,0.8,0.6,0.95,0.275,562
2024-09-10T00:00:00.000Z,0.4,3.3,0.9,0.68,1.05,0.253,539
2024-09-11T00:00:00.000Z,0.5,3.47,0.9,0.8,1.4,0.447,560
2024-09-12T00:00:00.000Z,0.3,12.25,0.63,0.5,0.93,1.152,567
2024-09-13T00:00:00.000Z,0.2,10.47,0.73,0.4,1.6,1.511,534
2024-09-14T00:00:00.000Z,0.3,1.5,0.52,0.5,0.63,0.181,583
2024-09-15T00:00:00.000Z,0.3,0.98,0.5,0.47,0.6,0.12,557
2024-09-16T00:00:00.000Z,0.3,11.4,2.2,0.5,6.17,3.107,575
2024-09-17T00:00:00.000Z,0.4,2.4,1.1,0.8,1.58,0.453,534
2024-09-18T00:00:00.000Z,0.88,1.83,1.23,1.1,1.4,0.168,504
2024-09-19T00:00:00.000Z,1.1,4.84,2.67,1.5,3.3,1.016,525
2024-09-20T00:00:00.000Z,1.6,17.38,2.7,2.29,3.1,1.887,560
2024-09-21T00:00:00.000Z,0.63,2.29,1.33,0.97,1.7,0.398,579
2024-09-22T00:00:00.000Z,0.4,3.6,1.5,0.7,2.29,0.909,566
2024-09-23T00:00:00.000Z,1.5,3.4,1.98,1.87,2.1,0.185,566
2024-09-24T00:00:00.000Z,0.5,2.17,0.8,0.7,1.2,0.423,555
2024-09-25T00:00:00.000Z,0.4,1.4,0.7,0.6,1,0.215,566
2024-09-26T00:00:00.000Z,0.3,2,0.77,0.6,0.9,0.166,575
2024-09-27T00:00:00.000Z,0.2,0.7,0.47,0.4,0.5,0.086,434
2024-09-28T00:00:00.000Z,0.28,1.47,0.5,0.4,0.9,0.29,407
2024-09-29T00:00:00.000Z,0.5,2.63,0.93,0.8,1.1,0.227,582
2024-09-30T00:00:00.000Z,0.52,3.5,0.9,0.8,1.07,0.415,570
2024-10-01T00:00:00.000Z,0.5,13.82,1.3,0.8,2.02,1.521,568
2024-10-02T00:00:00.000Z,0.4,1.63,0.9,0.7,1.2,0.282,576
2024-10-03T00:00:00.000Z,0.4,2.1,0.9,0.6,1.2,0.413,573
2024-10-04T00:00:00.000Z,0.45,14.33,0.8,0.7,1,1.337,585
2024-10-05T00:00:00.000Z,0.2,60.07,1.2,0.5,2.87,9.405,579
2024-10-06T00:00:00.000Z,0.2,1.1,0.47,0.4,0.53,0.137,569
2024-10-07T00:00:00.000Z,0.2,1.8,0.4,0.3,0.5,0.34,571
2024-10-08T00:00:00.000Z,0.5,1.95,1.2,1,1.4,0.289,563
2024-10-09T00:00:00.000Z,0.2,1.6,0.4,0.37,0.5,0.133,566
2024-10-10T00:00:00.000Z,0.2,7.8,1.57,0.3,2.7,1.718,568
2024-10-11T00:00:00.000Z,0.2,1.7,0.5,0.4,0.75,0.293,576
2024-10-12T00:00:00.000Z,0.2,20.57,1.2,0.4,3.51,3.112,585
2024-10-13T00:00:00.000Z,0.8,90.35,2.7,1.6,10.7,10.445,576
2024-10-14T00:00:00.000Z,0.5,19.43,1.1,0.8,1.49,1.837,564
2024-10-15T00:00:00.000Z,0.5,8.73,1.4,1,1.77,1.067,558
2024-10-16T00:00:00.000Z,0.8,15.68,1.5,1.2,2,1.598,586
2024-10-17T00:00:00.000Z,0.87,88.97,1.5,1.23,4.13,10.152,568
2024-10-18T00:00:00.000Z,1,65.09,3.2,1.58,7.18,10.525,573
2024-10-19T00:00:00.000Z,1.2,2.4,1.67,1.53,1.8,0.216,564
2024-10-20T00:00:00.000Z,1.17,32.33,2.5,1.6,3.88,3.323,571
2024-10-21T00:00:00.000Z,1.5,44.35,2.8,2.02,3.8,5.156,580
2024-10-22T00:00:00.000Z,1.33,116.2,3.1,2.1,4.68,13.402,519
2024-10-23T00:00:00.000Z,1.37,73.72,2.83,2.02,7.15,8.48,573
2024-10-24T00:00:00.000Z,1.17,217.35,4.78,2.1,11.65,23.067,568
2024-10-25T00:00:00.000Z,1.3,125.55,2.93,2,4.5,9.35,524
2024-10-26T00:00:00.000Z,0.9,4.3,1.58,1.4,1.8,0.667,566
2024-10-27T00:00:00.000Z,0.5,3.42,1.1,0.83,2.29,0.845,558
2024-10-28T00:00:00.000Z,1.93,45.7,2.7,2.5,3.1,3.333,556
2024-10-29T00:00:00.000Z,1,5.93,1.6,1.4,1.8,0.346,572
2024-10-30T00:00:00.000Z,0.9,2.77,1.4,1.2,1.73,0.348,570
2024-10-31T00:00:00.000Z,0.7,2.88,1.4,1.12,2.04,0.548,568
2024-11-01T00:00:00.000Z,1,4.26,1.7,1.43,2.1,0.7,556
2024-11-02T00:00:00.000Z,0.8,6.18,1.3,1.17,1.4,0.362,545
2024-11-03T00:00:00.000Z,0.7,2.52,1.12,1,1.3,0.331,539
2024-11-04T00:00:00.000Z,0.8,4.59,1.5,1.23,2,0.504,488
2024-11-05T00:00:00.000Z,1.35,125.6,2.6,2,6.83,9.873,402
2024-11-06T00:00:00.000Z,0.7,2.45,1,0.8,1.2,0.36,382
2024-11-07T00:00:00.000Z,0.63,20.63,0.9,0.85,1.1,1.81,511
2024-11-08T00:00:00.000Z,0.56,2.29,0.88,0.8,1,0.309,449
2024-11-09T00:00:00.000Z,0.53,1.73,1.1,0.9,1.3,0.244,401
2024-11-10T00:00:00.000Z,0.6,3.42,1.19,0.9,1.88,0.583,376
2024-11-11T00:00:00.000Z,1.1,6.32,1.55,1.4,1.77,0.413,442
2024-11-12T00:00:00.000Z,0.8,14.15,1.4,1.17,2.2,1.228,289
2024-11-13T00:00:00.000Z,0.8,15.2,2.2,1.3,3.3,1.674,368
2024-11-14T00:00:00.000Z,0.83,100.13,3.63,1.23,10.63,13.246,346
2024-11-15T00:00:00.000Z,0.7,6.03,1.2,1,1.7,0.738,519
2024-11-16T00:00:00.000Z,0.65,304.1,2.08,1,3.1,17.594,551
2024-11-17T00:00:00.000Z,1.3,34.4,2,1.8,2.6,4.884,549
2024-11-18T00:00:00.000Z,0.5,2.13,0.9,0.8,1.08,0.29,515
2024-11-19T00:00:00.000Z,0.4,51.9,1.48,0.7,3.23,5.538,462
2024-11-20T00:00:00.000Z,0.3,1.3,0.6,0.5,0.68,0.154,430
2024-11-21T00:00:00.000Z,0.3,1.12,0.6,0.5,0.8,0.186,426
2024-11-22T00:00:00.000Z,0.4,1,0.6,0.5,0.7,0.102,451
2024-11-23T00:00:00.000Z,0.3,68.4,0.6,0.5,36.47,23.093,344
2024-11-24T00:00:00.000Z,1.77,31.87,9.3,3.38,15.23,7.776,415
2024-11-25T00:00:00.000Z,0.6,2.4,1,0.83,1.3,0.362,447
2024-11-26T00:00:00.000Z,0.5,5.37,1.1,0.7,1.6,0.546,581
2024-11-27T00:00:00.000Z,0.5,1.5,0.9,0.8,1,0.172,593
2024-11-28T00:00:00.000Z,0.3,1,0.56,0.5,0.67,0.121,598
2024-11-29T00:00:00.000Z,0.3,0.9,0.5,0.4,0.5,0.086,598
2024-11-30T00:00:00.000Z,0.3,103.2,1,0.5,1.9,8.912,596
2024-12-01T00:00:00.000Z,0.8,6.6,1.38,1.1,2.93,1.104,450
2024-12-02T00:00:00.000Z,0.83,3.5,1.8,1.5,2.08,0.454,597
2024-12-03T00:00:00.000Z,0.5,1.97,0.9,0.7,1.2,0.291,596
2024-12-04T00:00:00.000Z,0.4,2.1,0.83,0.67,1.2,0.369,595
2024-12-05T00:00:00.000Z,0.33,1.37,0.7,0.6,0.9,0.215,597
2024-12-06T00:00:00.000Z,0.3,1,0.47,0.4,0.5,0.111,595
2024-12-07T00:00:00.000Z,0.2,0.8,0.5,0.4,0.6,0.107,597
2024-12-08T00:00:00.000Z,0.3,7.22,0.7,0.5,2.5,1.804,593
2024-12-09T00:00:00.000Z,0.9,3.2,1.6,1.4,1.9,0.439,588
2024-12-10T00:00:00.000Z,0.95,1.88,1.37,1.27,1.47,0.148,560
2024-12-11T00:00:00.000Z,0.83,67.4,1.69,1.2,4.09,4.295,580
2024-12-12T00:00:00.000Z,0.77,15.07,2,1.55,2.7,2.083,587
2024-12-13T00:00:00.000Z,1.1,5.8,1.6,1.5,1.8,0.422,548
2024-12-14T00:00:00.000Z,0.53,1.7,1.14,1,1.23,0.183,528
2024-12-15T00:00:00.000Z,0.4,6.7,1.9,0.7,3.33,1.673,595
2024-12-16T00:00:00.000Z,0.7,6.7,1.77,1.42,2.7,1.163,512
2024-12-17T00:00:00.000Z,0.7,54.37,1.9,1.1,3.13,3.609,533
2024-12-18T00:00:00.000Z,0.6,2.38,1,0.9,1.2,0.25,531
2024-12-19T00:00:00.000Z,0.65,1.8,1.12,1,1.3,0.225,253
2024-12-20T00:00:00.000Z,0.3,120.63,1.1,0.7,3.44,8.46,444
2024-12-21T00:00:00.000Z,0.4,15.68,2.27,0.75,4.9,3.468,527
2024-12-22T00:00:00.000Z,0.8,54.53,1.92,1.4,4.2,4.287,595
2024-12-23T00:00:00.000Z,0.33,19.82,0.8,0.6,1,1.226,577
2024-12-24T00:00:00.000Z,0.3,9.07,0.83,0.56,1.1,2.012,571
2024-12-25T00:00:00.000Z,0.87,8.6,2.57,1.43,4.09,1.817,595
2024-12-26T00:00:00.000Z,0.8,6.97,1.6,1.3,2.09,0.633,597
2024-12-27T00:00:00.000Z,0.7,3.4,1.4,0.9,1.9,0.579,575
2024-12-28T00:00:00.000Z,0.4,1.4,0.8,0.7,0.9,0.176,595
2024-12-29T00:00:00.000Z,0.5,8.83,0.87,0.8,1,1.936,490
2024-12-30T00:00:00.000Z,0.8,4.73,1.17,1,2.5,0.999,269
2024-12-31T00:00:00.000Z,0.7,82.6,3.1,1.67,4.57,6.349,414
2025-01-01T00:00:00.000Z,0.9,4.59,2.1,1.5,3.63,1.091,566
2025-01-02T00:00:00.000Z,0.6,7.87,1.4,1,1.7,0.655,595
2025-01-03T00:00:00.000Z,0.3,13.2,1.72,0.7,4.3,3.184,570
2025-01-04T00:00:00.000Z,0.82,4.03,1.6,1.3,1.94,0.548,580
2025-01-05T00:00:00.000Z,0.8,5.32,1.73,1.3,2.38,0.949,592
2025-01-06T00:00:00.000Z,0.4,4.7,1.35,0.7,2.58,1.075,575
2025-01-07T00:00:00.000Z,1,11.45,2.63,1.97,4.28,1.855,582
2025-01-08T00:00:00.000Z,0.5,24.63,4.47,0.9,7.4,5.986,595
2025-01-09T00:00:00.000Z,0.7,12.93,1.53,1.12,2.7,1.23,594
2025-01-10T00:00:00.000Z,0.47,27.52,0.9,0.7,1.2,2.727,567
2025-01-11T00:00:00.000Z,0.4,3.28,0.8,0.6,1.2,0.385,587
2025-01-12T00:00:00.000Z,0.4,37.4,5.88,0.7,14.03,10.557,594
2025-01-13T00:00:00.000Z,1.3,41.6,3.2,2.33,4.59,2.238,541
2025-01-14T00:00:00.000Z,0.8,1.8,1.3,1.1,1.48,0.223,410
2025-01-15T00:00:00.000Z,1.2,6.25,1.7,1.6,1.9,0.396,595
2025-01-16T00:00:00.000Z,1.1,7.07,2.25,1.83,3.37,1.297,595
2025-01-17T00:00:00.000Z,0.9,9.5,1.87,1.5,2.4,0.776,591
2025-01-18T00:00:00.000Z,0.88,4.34,1.53,1.23,2,0.85,591
2025-01-19T00:00:00.000Z,1.67,8.3,2.45,2.1,2.99,1.366,592
2025-01-20T00:00:00.000Z,1,27.25,2.04,1.6,11.28,6.664,589
2025-01-21T00:00:00.000Z,2.63,7.2,3.7,3.4,4.25,0.892,593
2025-01-22T00:00:00.000Z,1.6,3.77,2.27,2.04,2.6,0.426,588
2025-01-23T00:00:00.000Z,0.5,6.45,1.7,0.83,2,0.894,591
2025-01-24T00:00:00.000Z,0.3,2.88,0.8,0.53,1.37,0.573,587
2025-01-25T00:00:00.000Z,0.53,2.5,0.93,0.8,1.2,0.382,552
2025-01-26T00:00:00.000Z,0.22,0.93,0.6,0.5,0.7,0.151,216
2025-01-27T00:00:00.000Z,0.2,2.37,0.5,0.33,0.83,0.508,494
2025-01-28T00:00:00.000Z,0.6,5.47,1.3,1,1.99,0.989,596
2025-01-29T00:00:00.000Z,0.3,2.83,0.6,0.5,0.8,0.386,596
2025-01-30T00:00:00.000Z,0.4,44.75,2.71,0.9,4.95,9.037,424
2025-01-31T00:00:00.000Z,1,12.63,3.13,1.85,5.47,3.335,467
2025-02-01T00:00:00.000Z,0.77,4.59,1.3,1.1,1.67,0.579,378
2025-02-02T00:00:00.000Z,0.6,6.7,0.9,0.8,1.15,1.879,509
2025-02-03T00:00:00.000Z,1.03,4.7,1.7,1.4,2.52,0.815,593
2025-02-04T00:00:00.000Z,0.75,1.8,1.2,1.03,1.33,0.195,592
2025-02-05T00:00:00.000Z,0.9,1.9,1.38,1.2,1.5,0.18,591
2025-02-06T00:00:00.000Z,0.8,2.1,1.6,1.38,1.73,0.251,593
2025-02-07T00:00:00.000Z,0.8,2.6,1.2,1.1,1.35,0.228,548
2025-02-08T00:00:00.000Z,1.1,4.47,1.83,1.6,2,0.294,548
2025-02-09T00:00:00.000Z,1.9,10.37,2.6,2.42,3.15,1.088,578
2025-02-10T00:00:00.000Z,2.9,7.63,3.9,3.6,4.63,0.95,585
2025-02-11T00:00:00.000Z,2.52,5.83,3.3,3.1,3.63,0.386,295
2025-02-12T00:00:00.000Z,0.9,4.13,1.8,1.42,2,0.352,517
2025-02-13T00:00:00.000Z,0.6,11.4,2.47,0.9,5.93,3.193,474
2025-02-14T00:00:00.000Z,1.02,57.13,2.49,1.48,11.5,8.764,306
2025-02-15T00:00:00.000Z,1.2,5.77,2.37,1.7,3.57,1.095,455
2025-02-16T00:00:00.000Z,1.6,9.19,2.8,2.2,4.59,2.037,341
2025-02-17T00:00:00.000Z,1,9.47,1.7,1.4,2.6,1.151,443
2025-02-18T00:00:00.000Z,1.77,4.7,2.5,2.2,2.85,0.508,514
2025-02-19T00:00:00.000Z,1.12,33.83,2.1,1.8,3.21,9.71,585
2025-02-20T00:00:00.000Z,2.2,22.53,3.93,2.87,8.82,5.056,579
2025-02-21T00:00:00.000Z,1.5,17.32,3.05,2.37,3.97,1.784,578
2025-02-22T00:00:00.000Z,2.23,7.77,3.3,2.87,4.37,1.156,587
2025-02-23T00:00:00.000Z,2.1,22.33,3.5,2.8,5.03,2.452,590
2025-02-24T00:00:00.000Z,1.1,44,1.8,1.5,2.37,2.61,582
2025-02-25T00:00:00.000Z,0.8,2.9,1.23,1.08,1.45,0.31,580
2025-02-26T00:00:00.000Z,0.4,8.86,1,0.8,1.3,0.593,580
2025-02-27T00:00:00.000Z,0.3,0.98,0.5,0.43,0.6,0.122,415
2025-02-28T00:00:00.000Z,0.3,4.9,0.6,0.5,0.8,0.805,102
2025-03-01T00:00:00.000Z,0.3,7.1,1.5,1,1.8,0.665,388
2025-03-02T00:00:00.000Z,0.8,6.2,1.4,1.19,1.77,0.846,576
2025-03-03T00:00:00.000Z,0.8,2.43,1.4,1.2,1.6,0.278,578
2025-03-04T00:00:00.000Z,0.7,1.97,1.1,1,1.3,0.235,575
2025-03-05T00:00:00.000Z,0.6,1.63,0.9,0.8,1,0.166,582
2025-03-06T00:00:00.000Z,0.5,1.1,0.8,0.73,0.9,0.098,147
2025-03-07T00:00:00.000Z,0.5,20.97,1.1,0.9,1.9,2.271,425
2025-03-08T00:00:00.000Z,0.68,46.13,1.2,1,1.77,3.188,576
2025-03-09T00:00:00.000Z,0.5,6.53,1.2,0.9,1.7,0.746,574
2025-03-10T00:00:00.000Z,0.7,87,1.4,1.1,2.9,12.969,564
2025-03-11T00:00:00.000Z,0.8,78.13,2.33,1.3,4.9,8.769,582
2025-03-12T00:00:00.000Z,0.5,3.33,1,0.8,1.3,0.487,594
2025-03-13T00:00:00.000Z,0.4,1,0.6,0.56,0.7,0.118,384
2025-03-14T00:00:00.000Z,0.3,1.23,0.6,0.5,0.7,0.131,232
2025-03-15T00:00:00.000Z,0.6,0.8,0.7,0.63,0.75,0.066,5
2025-03-18T00:00:00.000Z,0.8,1.47,1.1,1,1.2,0.133,68
2025-03-19T00:00:00.000Z,0.65,3.77,1.1,1,1.3,0.41,592
2025-03-20T00:00:00.000Z,0.4,1.4,0.88,0.77,1,0.163,581
2025-03-21T00:00:00.000Z,0.5,3.03,1.37,0.73,1.77,0.574,597
2025-03-22T00:00:00.000Z,1.43,71.8,2.9,1.8,4.7,9.019,595
2025-03-23T00:00:00.000Z,0.8,18.17,1.99,1.67,2.5,1.523,594
2025-03-24T00:00:00.000Z,0.4,2.97,1,0.8,1.14,0.303,592
2025-03-25T00:00:00.000Z,0.5,11.7,1.2,0.77,3.1,2.484,595
2025-03-26T00:00:00.000Z,0.5,3,1.02,0.9,1.67,0.539,595
2025-03-27T00:00:00.000Z,0.67,1.53,1,0.9,1.14,0.18,226
2025-03-28T00:00:00.000Z,0.9,2.83,1.9,1.35,2.13,0.464,459
2025-03-29T00:00:00.000Z,0.6,21.8,1.6,1.1,2.99,2.716,576
2025-03-30T00:00:00.000Z,0.8,53.43,1.95,1.4,3.4,5.593,363
2025-03-31T00:00:00.000Z,0.5,10.15,1.03,0.8,1.82,1.253,541
2025-04-01T00:00:00.000Z,0.4,66.72,0.7,0.6,1.89,5.542,212
2025-04-02T00:00:00.000Z,0.7,1.3,0.93,0.87,1.02,0.122,180
2025-04-03T00:00:00.000Z,0.5,5.4,1,0.9,1.6,0.699,587
2025-04-04T00:00:00.000Z,0.3,6.38,1.58,0.6,2.22,1.294,590
2025-04-05T00:00:00.000Z,0.6,1.95,1.12,0.9,1.3,0.271,556
2025-04-06T00:00:00.000Z,0.3,0.8,0.5,0.4,0.6,0.11,353
2025-04-07T00:00:00.000Z,0.3,1.08,0.5,0.4,0.6,0.148,334
2025-04-08T00:00:00.000Z,0.3,1.52,0.5,0.5,0.6,0.145,585
2025-04-09T00:00:00.000Z,0.4,1.83,0.8,0.65,0.93,0.236,563
2025-04-10T00:00:00.000Z,0.4,11.45,1,0.7,1.6,0.806,587
2025-04-11T00:00:00.000Z,0.3,2.1,1.17,0.65,1.3,0.378,592
2025-04-12T00:00:00.000Z,0.5,3.37,1,0.9,1.2,0.297,596
2025-04-13T00:00:00.000Z,0.6,1.3,0.9,0.83,1,0.121,570
2025-04-14T00:00:00.000Z,0.53,1.3,0.87,0.73,1,0.157,588
2025-04-15T00:00:00.000Z,0.28,1.07,0.5,0.4,0.67,0.163,569
2025-04-16T00:00:00.000Z,0.2,0.77,0.4,0.3,0.4,0.081,583
2025-04-17T00:00:00.000Z,0.3,1,0.6,0.52,0.7,0.12,587
2025-04-18T00:00:00.000Z,0.23,0.9,0.47,0.4,0.5,0.11,586
2025-04-19T00:00:00.000Z,0.3,0.83,0.5,0.4,0.5,0.086,507
2025-04-20T00:00:00.000Z,0.3,0.77,0.5,0.4,0.56,0.088,593
2025-04-21T00:00:00.000Z,0.3,6.82,0.8,0.6,1.12,0.633,595
2025-04-22T00:00:00.000Z,0.3,9.02,0.7,0.6,0.9,0.932,598
2025-04-23T00:00:00.000Z,0.5,3.33,1.07,0.67,1.6,0.554,597
2025-04-24T00:00:00.000Z,0.4,24.13,1.35,0.8,3.33,2.515,597
2025-04-25T00:00:00.000Z,0.4,12.3,1,0.7,1.6,1.099,596
2025-04-26T00:00:00.000Z,0.4,2.4,0.7,0.6,0.97,0.324,595
2025-04-27T00:00:00.000Z,0.6,2.1,1.17,1,1.3,0.218,595
2025-04-28T00:00:00.000Z,0.93,30.8,2.1,1.4,4.22,3.773,596
2025-04-29T00:00:00.000Z,0.9,21.48,1.47,1.3,1.67,1.989,596
2025-04-30T00:00:00.000Z,0.9,4.13,1.3,1.2,1.8,0.502,594
2025-05-01T00:00:00.000Z,0.7,1.55,1.1,1,1.2,0.125,596
2025-05-02T00:00:00.000Z,0.6,3.1,1,0.83,1.1,0.198,547
2025-05-03T00:00:00.000Z,0.5,1.2,0.77,0.7,0.9,0.147,494
2025-05-04T00:00:00.000Z,0.4,1.1,0.7,0.6,0.74,0.111,597
2025-05-05T00:00:00.000Z,0.5,1,0.7,0.6,0.8,0.106,596
2025-05-06T00:00:00.000Z,0.6,1.9,1,0.9,1.4,0.31,594
2025-05-07T00:00:00.000Z,0.7,2.57,1.3,1,1.67,0.378,593
2025-05-08T00:00:00.000Z,0.9,5.67,1.6,1.3,2.1,1.041,597
2025-05-09T00:00:00.000Z,0.8,1.8,1.2,1.1,1.3,0.173,596
2025-05-10T00:00:00.000Z,0.3,1.3,0.6,0.5,0.72,0.173,596
2025-05-11T00:00:00.000Z,0.2,0.63,0.4,0.4,0.5,0.071,597
2025-05-12T00:00:00.000Z,0.3,0.63,0.4,0.4,0.5,0.071,594
2025-05-13T00:00:00.000Z,0.3,0.67,0.47,0.4,0.5,0.067,597
2025-05-14T00:00:00.000Z,0.3,0.77,0.5,0.4,0.5,0.072,592
2025-05-15T00:00:00.000Z,0.3,0.8,0.5,0.5,0.6,0.082,598
2025-05-16T00:00:00.000Z,0.2,0.7,0.4,0.4,0.5,0.083,596
2025-05-17T00:00:00.000Z,0.2,0.6,0.4,0.4,0.43,0.066,597
2025-05-18T00:00:00.000Z,0.2,0.6,0.4,0.4,0.4,0.066,598
2025-05-19T00:00:00.000Z,0.23,0.7,0.5,0.4,0.5,0.076,595
2025-05-20T00:00:00.000Z,0.3,0.77,0.5,0.4,0.5,0.071,596
2025-05-21T00:00:00.000Z,0.2,0.6,0.4,0.37,0.4,0.071,595
2025-05-22T00:00:00.000Z,0.2,0.6,0.4,0.37,0.4,0.069,598
2025-05-23T00:00:00.000Z,0.2,0.68,0.4,0.3,0.4,0.073,596
2025-05-24T00:00:00.000Z,0.23,0.6,0.4,0.4,0.43,0.068,595
2025-05-25T00:00:00.000Z,0.2,1.8,0.83,0.4,1.1,0.376,595
2025-05-26T00:00:00.000Z,0.5,29.17,0.8,0.7,0.9,3.653,596
2025-05-27T00:00:00.000Z,0.4,26.9,1.2,0.7,2.42,2.24,596
2025-05-28T00:00:00.000Z,0.73,28.8,1.77,1.2,2.71,3.38,597
2025-05-29T00:00:00.000Z,0.4,1.2,0.6,0.6,0.7,0.135,597
2025-05-30T00:00:00.000Z,0.3,0.97,0.5,0.4,0.55,0.094,597
2025-05-31T00:00:00.000Z,0.2,0.8,0.5,0.4,0.5,0.074,598
2025-06-01T00:00:00.000Z,0.3,0.9,0.5,0.47,0.56,0.082,593
2025-06-02T00:00:00.000Z,0.33,23.57,2.63,0.6,5.52,4.573,589
2025-06-03T00:00:00.000Z,0.5,3.2,0.93,0.77,1.2,0.505,594
2025-06-04T00:00:00.000Z,0.3,35.95,0.5,0.47,1.91,9.528,592
2025-06-05T00:00:00.000Z,0.8,72.63,1.89,1.27,5.69,6.202,596
2025-06-06T00:00:00.000Z,0.75,3.83,1.8,1.42,2,0.45,595
2025-06-07T00:00:00.000Z,0.56,3,1.17,1,1.33,0.25,597
2025-06-08T00:00:00.000Z,0.6,5.53,2.9,1.27,3.5,1.212,591
2025-06-09T00:00:00.000Z,1.53,5.5,3.1,2.4,4.59,1.14,595
2025-06-10T00:00:00.000Z,4.03,25.25,7.85,5.5,10.55,5.888,594
2025-06-11T00:00:00.000Z,3.38,23.05,7.1,4.5,13.74,6.227,592
2025-06-12T00:00:00.000Z,3.4,6.23,4.8,4.3,5.24,0.592,529
2025-06-13T00:00:00.000Z,3.15,7.68,5.19,4.17,5.87,1.008,596
2025-06-14T00:00:00.000Z,2.33,6.8,4.03,3.3,4.47,0.92,598
2025-06-15T00:00:00.000Z,1.7,7.3,3.3,2.87,4,1.328,375
2025-06-16T00:00:00.000Z,2.1,24.33,3.33,3,3.7,2.458,454
2025-06-17T00:00:00.000Z,2.17,11.43,3.4,2.9,3.9,1.533,597
2025-06-18T00:00:00.000Z,2.63,26.87,4.09,3.4,4.72,1.478,597
2025-06-19T00:00:00.000Z,4.13,14.83,5.27,4.9,5.71,0.789,597
2025-06-20T00:00:00.000Z,1.52,13.47,2.8,2.4,3.59,1.848,592
2025-06-21T00:00:00.000Z,2.02,4.63,2.7,2.5,2.99,0.538,592
2025-06-22T00:00:00.000Z,2.8,5.27,3.7,3.4,4,0.455,597
2025-06-23T00:00:00.000Z,2.2,49.08,4.3,3.49,4.93,3.905,597
2025-06-24T00:00:00.000Z,1.2,10.97,2.2,1.7,2.7,0.964,597
2025-06-25T00:00:00.000Z,1.5,4.43,2.1,1.92,2.2,0.291,598
2025-06-26T00:00:00.000Z,1.2,8.8,2.7,2.29,2.97,1.037,598
2025-06-27T00:00:00.000Z,1.5,8.32,2.5,2.2,2.87,0.702,594
2025-06-28T00:00:00.000Z,1.8,5.8,2.6,2.23,2.97,0.453,599
2025-06-29T00:00:00.000Z,2.1,38.2,2.83,2.6,3.33,1.748,597
2025-06-30T00:00:00.000Z,3.1,4.4,3.7,3.59,3.9,0.228,208
2025-07-07T00:00:00.000Z,0.4,1.42,0.8,0.63,1.1,0.255,206
2025-07-08T00:00:00.000Z,0.4,1.7,1,0.6,1.2,0.313,595
2025-07-09T00:00:00.000Z,0.7,46.33,1.5,1.2,1.7,3.563,596
2025-07-10T00:00:00.000Z,1.43,3.9,2.2,2,2.4,0.315,599
2025-07-11T00:00:00.000Z,1.17,13.15,2.2,1.7,2.6,1.408,598
2025-07-12T00:00:00.000Z,1.2,3.5,1.8,1.6,2.1,0.515,597
2025-07-13T00:00:00.000Z,1.37,3.37,2.02,1.83,2.4,0.383,594
2025-07-14T00:00:00.000Z,1.12,3.1,2.02,1.83,2.29,0.301,597
2025-07-15T00:00:00.000Z,0.9,8.9,2.29,2,2.87,0.738,598
2025-07-16T00:00:00.000Z,0.43,6.87,2.57,1.96,3.22,1.058,597
2025-07-17T00:00:00.000Z,0.4,49.67,1.7,1.2,2,2.69,598
2025-07-18T00:00:00.000Z,1.5,160.83,2.27,2,2.7,6.586,598
2025-07-19T00:00:00.000Z,2.1,9.47,2.7,2.5,3.1,0.675,597
2025-07-20T00:00:00.000Z,1.57,6.23,2.8,2.2,3.28,0.768,591
2025-07-21T00:00:00.000Z,0.6,4.17,1.1,0.93,1.39,0.786,597
2025-07-22T00:00:00.000Z,0.5,1.8,0.9,0.8,1.07,0.188,598
2025-07-23T00:00:00.000Z,1,2.63,1.35,1.21,1.5,0.206,597
2025-07-24T00:00:00.000Z,1.4,8.19,2.59,1.87,4.5,1.651,598
2025-07-25T00:00:00.000Z,1.93,9.18,2.97,2.6,5.15,1.85,598
2025-07-26T00:00:00.000Z,1.83,5.63,3.3,2.9,3.77,0.774,598
2025-07-27T00:00:00.000Z,0.6,4.53,1.5,1.2,1.8,0.552,597
2025-07-28T00:00:00.000Z,0.7,2.33,1.4,1.2,1.6,0.307,597
2025-07-29T00:00:00.000Z,1.07,6.4,2,1.77,2.29,0.503,598
2025-07-30T00:00:00.000Z,1.27,3.2,1.83,1.7,2.27,0.393,598
2025-07-31T00:00:00.000Z,0.67,3.53,1.4,1.1,2.2,0.675,596
2025-08-01T00:00:00.000Z,1.1,3.1,1.6,1.43,1.8,0.282,597
2025-08-02T00:00:00.000Z,0.7,6.97,1.6,1.25,1.8,0.538,598
2025-08-03T00:00:00.000Z,0.9,11.23,1.33,1.2,1.6,1.39,595
2025-08-04T00:00:00.000Z,1.17,3.45,1.8,1.53,2.29,0.476,593
2025-08-05T00:00:00.000Z,0.9,4.2,1.37,1.2,1.6,0.35,567
2025-08-06T00:00:00.000Z,1.3,3.17,1.88,1.7,2.1,0.288,523
2025-08-07T00:00:00.000Z,1.5,5.09,2.33,2.13,2.54,0.454,575
2025-08-08T00:00:00.000Z,1.63,5.2,3.2,2.5,4.13,0.918,582
2025-08-09T00:00:00.000Z,2.1,5.73,3.2,2.73,4.13,0.916,570
2025-08-10T00:00:00.000Z,2.4,10.23,4.5,3.5,5.24,1.914,596
2025-08-11T00:00:00.000Z,5.4,40.9,7.43,6.28,9.02,3.681,597
2025-08-12T00:00:00.000Z,6.13,10,7.47,7.07,7.9,0.755,598
2025-08-13T00:00:00.000Z,3.38,9.9,6.63,4.62,7.4,1.537,585
2025-08-14T00:00:00.000Z,3.7,7.77,4.73,4.34,5.57,0.782,590
2025-08-15T00:00:00.000Z,2.6,7.9,6.4,5.55,6.9,1.326,492
2025-08-16T00:00:00.000Z,2.04,75.03,4.53,3.45,5.79,6.51,584
2025-08-17T00:00:00.000Z,2.9,34.27,6.72,4,7.57,3.928,596
2025-08-18T00:00:00.000Z,2.27,7.32,3.9,3.23,5.65,1.336,596
2025-08-19T00:00:00.000Z,2.88,27.7,3.9,3.5,4.3,2.15,586
2025-08-20T00:00:00.000Z,3.03,189.9,4.7,4.2,6.25,9.77,581
2025-08-21T00:00:00.000Z,1,6.87,2.3,1.8,4.03,1.402,381
2025-08-22T00:00:00.000Z,0.7,78.59,2,1.5,3.33,6.883,386
2025-08-23T00:00:00.000Z,0.5,7.13,1.2,0.8,1.5,0.681,592
2025-08-24T00:00:00.000Z,1,2.57,1.6,1.5,1.7,0.211,598
2025-08-25T00:00:00.000Z,1.2,2.93,1.7,1.6,2,0.343,596
2025-08-26T00:00:00.000Z,1.85,14.47,2.6,2.35,3,1.428,598
2025-08-27T00:00:00.000Z,2.6,8.63,4.76,4.09,6.4,1.459,597
2025-08-28T00:00:00.000Z,0.97,7.1,3.9,1.83,5.32,1.734,598
2025-08-29T00:00:00.000Z,0.2,4.9,0.7,0.4,1,0.942,598
2025-08-30T00:00:00.000Z,0.4,8.02,0.73,0.69,0.87,0.404,597
2025-08-31T00:00:00.000Z,0.3,1.2,0.65,0.6,0.77,0.129,594
2025-09-01T00:00:00.000Z,0.6,10.23,1.97,0.9,4.8,2.299,596
2025-09-02T00:00:00.000Z,0.3,2.52,0.73,0.63,0.93,0.359,598
2025-09-03T00:00:00.000Z,0.47,1.3,0.8,0.7,0.9,0.152,597
2025-09-04T00:00:00.000Z,0.45,1.85,0.8,0.73,1,0.224,598
2025-09-05T00:00:00.000Z,0.3,27.02,0.9,0.7,1.23,1.904,476
2025-09-06T00:00:00.000Z,0.3,0.6,0.47,0.4,0.5,0.079,11
2025-09-07T00:00:00.000Z,0.77,3.13,1.34,1.1,2.27,0.615,260
2025-09-08T00:00:00.000Z,1.67,4.87,3.08,2.4,3.73,0.761,309
2025-09-09T00:00:00.000Z,0.4,6.47,2.92,0.93,3.57,1.52,594
2025-09-10T00:00:00.000Z,0.6,4.38,1.77,1.32,2.2,0.682,565
2025-09-11T00:00:00.000Z,0.6,21.2,1,0.9,1.17,1.486,590
2025-09-12T00:00:00.000Z,0.4,3.83,0.8,0.7,0.9,0.308,598
2025-09-13T00:00:00.000Z,0.5,2.4,1.1,0.8,1.5,0.416,598
2025-09-14T00:00:00.000Z,0.3,1.88,0.8,0.6,1.37,0.391,599
2025-09-15T00:00:00.000Z,0.4,1.23,0.7,0.6,0.8,0.126,507
2025-09-16T00:00:00.000Z,0.4,1.5,0.87,0.7,1,0.176,597
2025-09-17T00:00:00.000Z,0.47,1.8,0.8,0.7,1,0.2,598
2025-09-18T00:00:00.000Z,0.6,1.73,1.1,1,1.23,0.192,597
2025-09-19T00:00:00.000Z,0.6,2.45,1.2,1,1.41,0.429,573
2025-09-20T00:00:00.000Z,1.12,2.8,1.73,1.6,1.98,0.287,470
2025-09-21T00:00:00.000Z,1.17,65.23,2.33,1.8,3.97,5.691,595
2025-09-22T00:00:00.000Z,1.3,74.5,3.63,2.25,5.3,5.079,593
2025-09-23T00:00:00.000Z,1.1,8.17,2.73,2.17,3.38,0.833,597
2025-09-24T00:00:00.000Z,0.97,22.37,3.23,2.47,4.3,2.339,594
2025-09-25T00:00:00.000Z,0.7,15.53,1.3,1.07,1.8,1.245,571
2025-09-26T00:00:00.000Z,2.04,8.73,3.2,2.83,3.7,0.767,590
2025-09-27T00:00:00.000Z,1.4,169.7,4.7,3.07,6.3,24.055,596
2025-09-28T00:00:00.000Z,1.93,6,3.9,3.3,4.4,0.784,594
2025-09-29T00:00:00.000Z,2.63,8.43,4.09,3.6,6.1,1.517,594
2025-09-30T00:00:00.000Z,1.4,5.63,3.22,2.73,3.9,0.831,597
2025-10-01T00:00:00.000Z,1.3,6.28,2.73,2,3.22,0.758,584
2025-10-02T00:00:00.000Z,1.9,17.77,3.1,2.5,3.9,1.35,573
2025-10-03T00:00:00.000Z,1.53,3.77,2.4,2.2,2.7,0.384,574
2025-10-04T00:00:00.000Z,0.5,2,1.17,0.9,1.37,0.297,590
2025-10-05T00:00:00.000Z,0.33,11.47,0.8,0.6,1.07,0.649,598
2025-10-06T00:00:00.000Z,0.2,113.4,0.7,0.5,0.9,4.807,594
2025-10-07T00:00:00.000Z,0.2,13.3,1.6,0.53,2.27,2.054,587
2025-10-08T00:00:00.000Z,0.7,2.73,1.47,1,1.87,0.473,595
2025-10-09T00:00:00.000Z,0.8,3.33,1.67,1.4,1.9,0.388,596
2025-10-10T00:00:00.000Z,0.5,7.13,1.7,0.98,2.95,1.243,595
2025-10-11T00:00:00.000Z,1.4,4.83,2.2,1.9,2.57,0.451,598
2025-10-12T00:00:00.000Z,1.4,16.17,2.2,1.9,3.3,2.336,589
2025-10-13T00:00:00.000Z,1.5,30.53,2.63,2.37,3.08,3.484,596
2025-10-14T00:00:00.000Z,1.3,47.1,2.67,2.1,4.05,5.265,588
2025-10-15T00:00:00.000Z,1.3,10.32,2,1.83,2.2,0.503,591
2025-10-16T00:00:00.000Z,1.1,131.66,2.47,2.09,3.1,13.371,508
2025-10-17T00:00:00.000Z,1.1,12.37,1.83,1.57,2.29,0.725,592
2025-10-18T00:00:00.000Z,0.6,60.77,1.63,1.3,2.1,4.397,597
2025-10-19T00:00:00.000Z,1.1,4.3,1.67,1.43,2.5,0.719,597
2025-10-20T00:00:00.000Z,0.75,5.68,1.35,1.1,2.77,1.226,597
2025-10-21T00:00:00.000Z,1.27,64.06,2.06,1.8,2.99,6.358,596
2025-10-22T00:00:00.000Z,1.1,3.13,1.8,1.6,2,0.364,567
2025-10-23T00:00:00.000Z,0.2,1.6,0.9,0.5,1.03,0.297,586
2025-10-24T00:00:00.000Z,0.2,3.53,0.63,0.4,1.04,0.487,593
2025-10-25T00:00:00.000Z,0.4,10.52,0.9,0.7,1.1,0.908,596
2025-10-26T00:00:00.000Z,0.3,785.53,1,0.6,2.93,34.961,599
2025-10-27T00:00:00.000Z,0.2,194.3,0.6,0.43,0.9,9.684,593
2025-10-28T00:00:00.000Z,0.3,15.7,1.07,0.6,1.5,1.29,596
2025-10-29T00:00:00.000Z,0.4,5.03,0.9,0.7,1.27,0.499,599
2025-10-30T00:00:00.000Z,0.6,100.87,1.7,1,4,11.327,598
2025-10-31T00:00:00.000Z,1.67,55.53,2.33,2.08,2.7,2.457,598
2025-11-01T00:00:00.000Z,1.4,4.13,2.08,1.83,2.23,0.337,598
2025-11-02T00:00:00.000Z,0.4,63.87,1.5,1.1,2.6,4.657,596
2025-11-03T00:00:00.000Z,0.3,10.19,0.7,0.53,1.03,0.913,595
2025-11-04T00:00:00.000Z,0.3,35.5,0.82,0.6,1.7,1.589,598
2025-11-05T00:00:00.000Z,0.8,4.26,1.5,1.23,2.29,0.936,598
2025-11-06T00:00:00.000Z,1.7,4.4,2.82,2.29,3.37,0.615,596
2025-11-07T00:00:00.000Z,1.57,3.65,2.2,2.02,2.47,0.358,597
2025-11-08T00:00:00.000Z,1.1,4.33,2.2,1.9,2.7,0.62,598
2025-11-09T00:00:00.000Z,1.73,6.23,2.8,2.4,3.6,0.838,597
2025-11-10T00:00:00.000Z,0.8,420.2,2.36,1.53,3.12,18.978,596
2025-11-11T00:00:00.000Z,0.7,2.4,1.4,1.1,1.6,0.342,594
2025-11-12T00:00:00.000Z,0.83,4.84,1.63,1.4,3,0.975,596
2025-11-13T00:00:00.000Z,0.6,3.78,1.3,1.05,1.9,0.655,595
2025-11-14T00:00:00.000Z,0.6,3.8,1.24,0.93,2.1,0.782,598
2025-11-15T00:00:00.000Z,1.6,7.7,3,2.37,4.8,1.6,598
2025-11-16T00:00:00.000Z,1.33,99.63,3.4,2.83,4.59,6.345,598
2025-11-17T00:00:00.000Z,2,4.8,3.2,3,3.87,0.595,260